id,toxic,severe_toxic,obscene,threat,insult,identity_hate
b0b3fe6a4269f684,0.100287355,0.0060061403,0.08434923,0.002718846,0.06007324,0.022999438
4d04617c544141be,0.10009248,0.005999252,0.08434945,0.002714602,0.06016498,0.023014309
be418e8c97428804,0.10005281,0.00598756,0.08417917,0.0027069228,0.06008754,0.02296561
232f729a819b38bd,0.10014317,0.005996432,0.08428109,0.0027062048,0.060019776,0.022960478
ac46e22dd934f2df,0.10018374,0.0060004923,0.084327,0.002710348,0.060099807,0.022953864
3c1ca76ea53a6819,0.100190125,0.0060087484,0.08436375,0.0027197408,0.060132053,0.02306045
e010079c0488431d,0.10023282,0.006018773,0.084345825,0.0027184968,0.06005981,0.02308364
714bce7264ceefc9,0.09979935,0.005974788,0.08403856,0.0027008564,0.060063288,0.022903737
c4d6b574883b8084,0.09990682,0.005979179,0.08411681,0.002700832,0.060016137,0.022895461
1c45485913668bc7,0.10010658,0.0059890472,0.084291905,0.0027040385,0.060042687,0.022920111
abaffa71251c0def,0.09973167,0.005969271,0.083940275,0.002695721,0.060002632,0.022865377
48f939efadb882b6,0.099722765,0.0061291214,0.08522929,0.0027868487,0.06091445,0.02332198
cd21c24c556b1ddd,0.09972582,0.0059727663,0.083982676,0.0026972573,0.060024764,0.02287226
bb2f27022b295558,0.10017446,0.0059927385,0.08421855,0.0027053505,0.06011534,0.022991953
1393c0c38b7d3a65,0.10009219,0.00597878,0.08421138,0.0027068818,0.06014068,0.022948036
7c42ee190966b9c0,0.09974295,0.005967169,0.08398058,0.002697818,0.06001872,0.022857632
7a0ba67aa394ea5b,0.101557404,0.0061699394,0.085767925,0.0027798817,0.060661964,0.023530226
8150991255285e6b,0.100083455,0.006004669,0.08431021,0.0027126663,0.060050644,0.022955136
c5b0aaa262017c9c,0.09975473,0.005966349,0.08397114,0.0026974408,0.060025975,0.02288581
715edf781645c80a,0.10003543,0.0060022105,0.08424906,0.0027101557,0.06005246,0.022951918
8a90289c23bf41e7,0.10022501,0.006005096,0.084348455,0.002716437,0.06007538,0.022988098
466d4d651628871b,0.10026769,0.006012575,0.08439701,0.0027187425,0.060116827,0.023021735
8a650a19f2e9efbc,0.100068204,0.005987815,0.08417847,0.002706964,0.059987433,0.022947736
40863d2baae1699a,0.100180596,0.005992918,0.08423433,0.0027107797,0.06011625,0.02298177
c5f313dbefb384f9,0.09970598,0.0059637222,0.08395575,0.0026999023,0.060026057,0.022864515
1d7e9d43dfe44209,0.09996356,0.006122601,0.08500571,0.0027797695,0.060818993,0.023318337
2165ec0e84277c5b,0.0997453,0.0059657185,0.08396811,0.0026935197,0.060008332,0.022855174
ea159ec4fa99f6b5,0.10016968,0.005993247,0.084198765,0.002707502,0.06008486,0.02301693
1c6baf97ed91ae23,0.10026116,0.005997325,0.08420453,0.002709661,0.060033895,0.022996893
d56c5aa1c0c71a0d,0.099751405,0.005973381,0.08393208,0.0026974215,0.05997246,0.02287792
7d001adec9ac85db,0.09979438,0.0059975805,0.08417129,0.0027078113,0.059994914,0.022917531
6f0935d63d92aad3,0.10052129,0.006040092,0.08470472,0.0027290091,0.06028157,0.023134274
e97a81eb9c4dc635,0.10015905,0.005981957,0.08419623,0.0027044024,0.060112588,0.022952868
d55bc0e614bac6a7,0.10031133,0.006014065,0.084330864,0.0027221397,0.060045302,0.02306106
6ec0f3d0de642d50,0.099887975,0.0061507937,0.085252725,0.0027987063,0.060696907,0.023381364
d1b81206a6cac7ab,0.100363,0.0060133953,0.08442948,0.002724577,0.060146436,0.023052853
ed2d2fb7b909d711,0.10016983,0.0059925313,0.08419865,0.00270306,0.059996996,0.02294749
e737a29f8779f2a5,0.09940123,0.0061180997,0.084880784,0.0027782049,0.060950838,0.023195649
3ffc8b7ffb93e3d3,0.09981015,0.005968275,0.08399259,0.0026993798,0.060008194,0.022886109
ee8949f784393811,0.0998886,0.0059632026,0.083907224,0.0026911753,0.059949048,0.022842478
0b9aeddd488c1241,0.10015338,0.006001544,0.084176965,0.0027095578,0.0600337,0.023008412
4ce5c064cf8197a1,0.09976269,0.0059654326,0.08389792,0.0026909974,0.05995268,0.022863152
2150a3bdb318675e,0.09965927,0.0060753655,0.08445654,0.002769057,0.060373884,0.023208441
07d8e0c35b220fa8,0.099703245,0.0059671355,0.083942115,0.00269254,0.059909344,0.022826646
11f78e015c2c4e19,0.09974817,0.0059682867,0.083959475,0.0026968752,0.05995719,0.022861846
1c472da641be214a,0.100022085,0.006000259,0.08423146,0.0027074611,0.060096018,0.022951854
7587ad55970bc10f,0.09969768,0.005958541,0.083831325,0.002689846,0.059957426,0.022835571
d09552bafd9e327f,0.10031171,0.0060164146,0.08459369,0.0027329286,0.060304496,0.023052638
446ef30a98d63305,0.1001129,0.0060133496,0.084346,0.0027154954,0.060042124,0.02298177
bc64fad75746079e,0.10019066,0.0059953695,0.08427038,0.0027149494,0.0601977,0.023007363
50eebe8c87a956b7,0.100165986,0.005997808,0.084209464,0.0027071545,0.060086995,0.022994472
c696ebef843fd831,0.10007583,0.0059963954,0.08423681,0.0027111382,0.06011622,0.022967802
c67da8cb082ddd88,0.09971007,0.005958207,0.08383279,0.0026892063,0.05994432,0.022828162
14b22eda1bccde11,0.10019463,0.0059878095,0.08418219,0.0027002501,0.06005725,0.022901831
c329de4bc562d881,0.1003158,0.0059910775,0.08424091,0.0027125927,0.060077183,0.02292686
0f5a640e9eb714fd,0.09950595,0.0061192336,0.085038625,0.0027872028,0.060603075,0.023184665
08187b26213720eb,0.10013259,0.0060015763,0.08433603,0.0027074998,0.0600739,0.022947859
8ee1fed128a12ce6,0.09985242,0.0059857555,0.08411354,0.0027063412,0.060051594,0.022929356
a470fb5ecb3b7777,0.10057311,0.0060439003,0.08477306,0.0027242817,0.060250137,0.02309703
18df555ba1286502,0.10006,0.005998746,0.08440667,0.0027205092,0.060235392,0.023035921
3f0f013f7ede3031,0.10010673,0.0060034962,0.08424989,0.0027119995,0.060049336,0.023008782
5a02405a895814fa,0.10023918,0.0059998753,0.084228724,0.0027146395,0.0601325,0.022989934
836d97b40a3cfce0,0.10020867,0.005984436,0.084165074,0.0027054443,0.06007737,0.022975434
7b4e67a5b9934e3d,0.10141956,0.006137961,0.08557422,0.0027640907,0.060582627,0.023424678
0acd2519c77a29aa,0.100163944,0.0059996364,0.0842059,0.002709648,0.060043685,0.022986332
ac6083527bb92c29,0.09992964,0.005991966,0.08419281,0.002707917,0.060008842,0.02297432
a1fba76a723c6646,0.100111626,0.0059993095,0.08428639,0.0027090465,0.060104225,0.022942921
04a264523e42eb09,0.10095163,0.006057373,0.08499392,0.0027313395,0.060407378,0.023145713
64557cdf30eb1f58,0.10000215,0.005993909,0.08424284,0.0027133862,0.060127273,0.023008315
3f8760d122917ee9,0.09989389,0.006144597,0.08536311,0.002812356,0.061050072,0.023344615
cfd7359f628fedd8,0.10012742,0.0061500655,0.08529836,0.002817757,0.060773134,0.023312768
e81c2d90721f2cbf,0.10032209,0.0060135038,0.08434025,0.0027219171,0.060146566,0.023091545
1bdf3a2ea3df20fa,0.10021635,0.0060031437,0.08428717,0.0027124975,0.060022857,0.023006724
407630f6ad05edf1,0.10005443,0.0060046744,0.08444286,0.002720306,0.06024212,0.023036454
a984814f48840436,0.1005098,0.0060280627,0.0845105,0.0027145932,0.06018164,0.023061821
c3f8785c7a56c145,0.09967692,0.005949543,0.083756134,0.0026852358,0.059923045,0.022803316
ad40285455bde7d3,0.10006544,0.005998075,0.08425038,0.0027064467,0.060076363,0.022949405
06859dae9e3595f6,0.1001339,0.005984663,0.084109716,0.0027007728,0.060040027,0.022922305
6a9af9e8df60c9cd,0.10002516,0.005987679,0.08418674,0.0027054867,0.060094036,0.022988506
384f375b023381bd,0.099794686,0.005981733,0.08406754,0.0027020217,0.060041532,0.022896336
0a8ce46f1067488d,0.10004446,0.005993272,0.084240854,0.0027119273,0.060124744,0.023018662
4b4083c6b9e37363,0.100125186,0.005999721,0.084304854,0.0027110376,0.060020834,0.022952495
d3c67c64b8ed35e1,0.09992529,0.006138133,0.08527241,0.0028083925,0.060871296,0.023351237
465e79ac3eaabf21,0.09974419,0.0059673814,0.083973244,0.0026944957,0.060007468,0.022862425
0da77f0fc6614e95,0.10007995,0.00600443,0.08435095,0.002713439,0.060059566,0.022972425
25e0fd11173d2959,0.09927149,0.00609318,0.08523093,0.0027786833,0.060880754,0.023132667
2df6b754130cd5e6,0.10017972,0.00599712,0.084254116,0.0027086637,0.060098745,0.022994878
6ce9550f6757a037,0.10011829,0.005990694,0.08426159,0.0027107901,0.060125764,0.023006562
535cb5da4b6a09e0,0.10011977,0.005988644,0.08429244,0.0027103596,0.06003168,0.022953954
452bbafc3192cf12,0.100089446,0.0059972424,0.08428306,0.0027134004,0.06011116,0.022999207
e9c093b4ea2e926d,0.1000788,0.0059928806,0.084212445,0.0027075578,0.060042612,0.02297313
e66e408ad499ba83,0.10032755,0.0061090686,0.08488865,0.002758215,0.06033603,0.023301689
5ac9d4718dda24e1,0.10000332,0.005987594,0.08419873,0.0027091946,0.060115796,0.022980314
45c16a7fe89ae69b,0.09972079,0.005967687,0.08392654,0.0026955726,0.05998639,0.02286809
8263d59973f1cb5c,0.100029886,0.0059929374,0.08425543,0.0027077806,0.060112588,0.022957517
3d944cddd4201a71,0.10020722,0.006009372,0.08435599,0.0027177704,0.060150396,0.02311394
5bd38cd2a5c5b9f0,0.100041434,0.0061488617,0.085267,0.002788299,0.060966074,0.023314243
2c135975726eb837,0.10026901,0.0060121813,0.08437005,0.0027151974,0.06004825,0.023052445
6df285abe0c7a3f9,0.100222714,0.0059954775,0.08428746,0.002714296,0.06011916,0.022998763
98a84f7d66ee96e4,0.10001053,0.005999525,0.08432863,0.0027126432,0.06005173,0.023020057
ce0c7f5cb691574d,0.10015514,0.00600151,0.084260724,0.0027115687,0.060091645,0.023006365
9810b599a4fddfc3,0.10025475,0.0059968866,0.0843433,0.0027157252,0.06020507,0.022966364
e32ab3204300af77,0.10013526,0.0060161175,0.08435056,0.00271987,0.060154077,0.023028938
bdabb9a0376f41a3,0.10030539,0.006039926,0.08459869,0.0027299395,0.06022814,0.02303795
22cb7fc2771f9ca9,0.09968296,0.006113932,0.08496189,0.0027713885,0.060838442,0.02334036
1ab851a84177eb3b,0.100149706,0.006005056,0.08425018,0.0027094341,0.060047645,0.022957094
df7c371f1c3cbec3,0.100784436,0.0060614683,0.084933355,0.0027328415,0.060396716,0.023172205
80c2817e06251d3e,0.09977072,0.00595849,0.08394132,0.00269085,0.06002485,0.022841673
410ad8fd009515c0,0.10009181,0.0059900805,0.084137,0.0027023235,0.059997965,0.022976568
0fe9594a8a885d1e,0.10011135,0.0060170563,0.08434036,0.0027155434,0.06006395,0.023021655
584c169a960e605f,0.09959586,0.006100782,0.08494998,0.0027689266,0.060492847,0.023277912
e91a59909628d426,0.10018724,0.0060224826,0.084338486,0.0027202608,0.060175497,0.023065774
3dfa8de96ae92241,0.10004382,0.0059872987,0.08429339,0.0027103375,0.0601736,0.022963652
c55444e01776bc56,0.10020448,0.0059992834,0.084281825,0.0027085182,0.060086355,0.022957366
8366e3d1959e9b8f,0.10009265,0.005993852,0.084139876,0.0027037067,0.060020573,0.02299458
aef438d55efa7eba,0.09979794,0.0059663067,0.08400307,0.0026950804,0.060013607,0.022864152
ccbdd4a874b6dfbf,0.100099325,0.0059953807,0.084354445,0.002712291,0.060063116,0.022962056
311374f07b1fc9b4,0.10013883,0.005992205,0.08430597,0.0027156954,0.06015725,0.022993894
ff5997a4481f15d5,0.09955366,0.005971258,0.08392534,0.002696747,0.060006257,0.022867465
4e5a926979ad1fdb,0.10003045,0.006000117,0.08434726,0.0027157292,0.060178712,0.023038842
bc13dfeb0511988e,0.10005698,0.0059923637,0.08425311,0.0027070078,0.060108572,0.022976493
7a6fb94183be5f20,0.0999865,0.005992014,0.084233426,0.0027096183,0.060125142,0.022940643
000689dd34e20979,0.100196525,0.0060136523,0.084292114,0.002714279,0.05997442,0.02300651
eccb294d18c54448,0.100138485,0.0059913183,0.084178254,0.002707465,0.06002232,0.022989362
3f4289f7cb66d000,0.10010732,0.0059891944,0.08418893,0.0027059754,0.060043067,0.022983965
f7641c01ee6cb960,0.10007517,0.0060011777,0.08432456,0.002712291,0.060185652,0.02293819
4ea780cdfc8a7c1b,0.09929032,0.006114024,0.0849406,0.0027798142,0.060803413,0.023283593
abe55bf321d01646,0.09966398,0.0060862014,0.08446886,0.0027749029,0.0604553,0.023210477
f5389201bb43db66,0.10042615,0.0060367775,0.08465737,0.0027272876,0.06015072,0.023141012
edf654b0facf6d9e,0.09978638,0.0059683262,0.08396575,0.0026975088,0.05996637,0.022856537
8abb26475b524402,0.100098595,0.005990603,0.084264,0.0027132998,0.060111728,0.022987003
067f065dfe3e6686,0.09974158,0.0059650824,0.08394612,0.002695875,0.060023908,0.022870172
0a1713674693992f,0.099818505,0.005979021,0.08407116,0.0027041065,0.06007421,0.022916753
37553561b308e4db,0.100033626,0.0059922556,0.08420598,0.0027067272,0.060102675,0.022937892
11cf66419f2bd678,0.09979413,0.005968281,0.08397634,0.0026963812,0.06000133,0.022850716
a801fdf2ac09fb99,0.09985866,0.005996,0.08421434,0.0027028734,0.06005079,0.022960141
60431352ba9091cc,0.10024445,0.0060078716,0.084330894,0.0027131888,0.0600345,0.023021601
4b0c88f577a94595,0.09972426,0.0059578572,0.083898574,0.0026912086,0.060027055,0.022841994
f804b914c69d5c39,0.100277275,0.006001744,0.08444486,0.0027235665,0.060160764,0.022980442
c311a5ab76b8e16e,0.100109056,0.0059951246,0.08417163,0.00270626,0.05999154,0.022965202
a06c6c935e974648,0.100144416,0.00600663,0.084359,0.0027160004,0.060068533,0.022983361
0b27e3ce6ec7e409,0.100179635,0.0059971227,0.084193476,0.0027112658,0.06005854,0.023009753
8d0f1d6141921add,0.10057754,0.0060512805,0.084833525,0.002731798,0.060373675,0.023155153
966bd3759093e81e,0.100149676,0.0059943832,0.08428439,0.0027128612,0.060028348,0.022968851
8930ecd172530981,0.09970983,0.005957004,0.08389211,0.002690048,0.05997808,0.022818303
d396571c49ac6776,0.09990264,0.005992307,0.08419814,0.002709577,0.060034644,0.022978185
111b70e2c9edb750,0.100129694,0.0060025174,0.084350854,0.0027118577,0.060059354,0.02295307
d24d4afebbb48011,0.10005364,0.005981115,0.08416248,0.002701382,0.060020816,0.02291938
07fd0cc93ad20db9,0.10027403,0.006015562,0.08433785,0.0027133941,0.06004897,0.02304036
fac3f7642a31d696,0.099985294,0.0059774197,0.08410961,0.0027030818,0.060074802,0.022943497
0d0938e051e05507,0.100209855,0.0060116514,0.08432541,0.0027233644,0.060185593,0.02306362
db6b6d1db59c63be,0.09920389,0.006084246,0.08475716,0.0027663144,0.060772203,0.023129217
dcc99501a69f04aa,0.10009312,0.0059994715,0.08423547,0.002707582,0.060073618,0.022963902
19c03820f2cb0d0e,0.10009661,0.0059914547,0.08418426,0.0027041542,0.060021784,0.022955468
a81c920773429921,0.09979848,0.005978057,0.08401363,0.0026990743,0.059920996,0.022877173
b910ebf03d15f18f,0.100368105,0.0060279174,0.08456346,0.0027220102,0.060109798,0.023129094
9d77534c98751987,0.10025751,0.006005477,0.08432294,0.0027150551,0.060063254,0.023010815
fb4adad95bcda8e2,0.10139501,0.0061374726,0.08557249,0.0027646401,0.060609102,0.023419125
88e427109a80e9a4,0.10002248,0.006003115,0.08425165,0.0027105634,0.060070444,0.022991076
6b5595b9db67f5f9,0.099712856,0.005967486,0.08395936,0.0026958263,0.06002832,0.022870705
3c4f3eff2af3788c,0.10029164,0.0060202735,0.08436253,0.0027185876,0.060108557,0.023012599
5f49374637bf422d,0.100159824,0.006000421,0.08421265,0.0027107552,0.06006885,0.023019476
3fbed19498484f71,0.10008034,0.006008196,0.08439193,0.002707963,0.0601051,0.022998618
1b4671ac632d312a,0.10002506,0.0059862803,0.0841652,0.0027046339,0.059986684,0.022920832
22b66fcebe8d2472,0.100231744,0.0060027908,0.08450395,0.0027175494,0.060300887,0.022989003
4262c53c5a905748,0.10018967,0.0060099815,0.0843366,0.0027119273,0.060077507,0.022973714
b8dc6b7413f93e44,0.10016388,0.0060075866,0.084298514,0.0027181245,0.060144413,0.022997376
4f16b9c2fdb25aa0,0.0998557,0.0059862547,0.0841149,0.002706842,0.0600495,0.022933474
cc72c6c4ee0ae469,0.0997895,0.005975199,0.08400963,0.0026973921,0.060004227,0.022862341
b2e70f16fe71cd2e,0.09970806,0.005974814,0.084017746,0.0026989498,0.060004838,0.022861974
6d87ea7be7e471d0,0.09996174,0.005992997,0.084248155,0.0027056332,0.060116444,0.0229405
27bc5d471824055d,0.100040816,0.005983656,0.08415341,0.0027055175,0.060073446,0.022964733
5afb6140b83780f6,0.10027841,0.006023773,0.08437723,0.0027295398,0.060128674,0.023115372
9b0d0697233339c8,0.09977374,0.005985517,0.08404283,0.0027015926,0.060047563,0.022913748
6e69f50dbd54280e,0.100087106,0.0059897113,0.084169224,0.0027065792,0.060077816,0.022985078
55381737a9e44eb6,0.10012821,0.0059926305,0.08426987,0.0027050325,0.06005287,0.022957575
880ef82644f011f4,0.09976325,0.005977978,0.08399885,0.002700186,0.05999361,0.022893269
f192a6057781f1d0,0.10007498,0.005996665,0.08422493,0.0027086898,0.060091175,0.022981282
f77374aa4c6efac9,0.10006211,0.005979715,0.08401918,0.0026967905,0.05995142,0.022930797
518b8d7ffce4c930,0.09979593,0.0059711104,0.08400343,0.0027005482,0.059995815,0.022886481
1bb0e1a0e203f5ae,0.100163,0.006001476,0.08431623,0.0027087347,0.06017391,0.023005625
671052af0ae311d8,0.100059964,0.0060063764,0.08444522,0.0027168104,0.060251955,0.02297858
efa8f6eaa72a60df,0.10005866,0.0059645986,0.083891414,0.002688163,0.05990881,0.02288712
f418e4712159c5da,0.099897645,0.005981535,0.084089026,0.0027012238,0.06005695,0.022918407
421b704f7edfdb96,0.10022839,0.005996063,0.08427367,0.0027142186,0.06006562,0.02301001
a49ddc9d9583a768,0.100413315,0.0060091787,0.08444721,0.002720711,0.060179465,0.023004428
9025f8c2b3ce4706,0.1001506,0.005977553,0.08409181,0.0027009028,0.06004748,0.022935258
530ccc019c1732c3,0.09976107,0.005970646,0.08394317,0.0026938296,0.059974328,0.022854019
40c65579b1e0f7a4,0.10024011,0.0059900917,0.08416154,0.0027032015,0.06003505,0.022960344
a961e9a95f338902,0.099443294,0.0061548436,0.08545264,0.00280615,0.060810577,0.023309471
3430ee4c5baf744c,0.100175805,0.006012412,0.084345,0.0027108158,0.06010452,0.023048991
35872ad9efde9112,0.10032622,0.006020776,0.084371835,0.002725943,0.060179435,0.023136389
fc79a31fdbda3056,0.09980447,0.005966867,0.08397342,0.002696211,0.059968185,0.022866916
d172ea88515555fc,0.099855356,0.0059801005,0.084136486,0.002705196,0.060062394,0.022908362
3eedf123d056d981,0.10020749,0.0060085407,0.08429915,0.00271327,0.060005426,0.023004757
c2f5d1bff9c9c2c3,0.09971728,0.005967217,0.08397929,0.002698525,0.06002961,0.022874339
efce8b85fc7fba00,0.10020534,0.006021698,0.08456921,0.0027284005,0.060101654,0.023056015
f72f4b35f24ec97b,0.09976631,0.0059874346,0.08415496,0.0027096225,0.059981488,0.022943465
2b215ff77af860dc,0.09974449,0.0059682583,0.08398223,0.0026981682,0.060036752,0.02288012
01407d8e42b73bfa,0.10009807,0.006000839,0.084230065,0.0027039226,0.06000685,0.022977382
3424e91b3aa3ba4a,0.10004272,0.005993363,0.084212996,0.002707013,0.06009632,0.02294447
c8c78f03bfe4ce5d,0.09977011,0.0059565017,0.08388186,0.0026894545,0.059983402,0.022827439
3312aabb8d990d59,0.099454135,0.0061339275,0.085221566,0.0027928795,0.06080028,0.023290688
a9cdde8b84962032,0.10012166,0.0059980806,0.0842443,0.0027110968,0.060037736,0.022981888
56e17165b9131f9e,0.0995583,0.0061386973,0.085254334,0.002797179,0.060682815,0.023253484
a17ba9fee3a14051,0.10007992,0.0060197716,0.084372446,0.0027168866,0.060161807,0.023066055
acdbc7eba52dc465,0.10025325,0.0060016043,0.08438817,0.0027189867,0.060239904,0.023027092
5dbe4ea68984682e,0.10011071,0.005990671,0.08412996,0.0027054893,0.06002445,0.02297512
716560182ea7d163,0.09974158,0.005965079,0.08394612,0.0026958736,0.060023908,0.022870166
0068183d5334c05b,0.10010121,0.005988025,0.084266074,0.0027097398,0.06000575,0.02289416
8d9cb310800b2ed7,0.100110024,0.005985179,0.08414456,0.0027064364,0.06000419,0.022952296
274fcf291bda1eb5,0.10013363,0.005990106,0.084165975,0.0027072758,0.060075957,0.02297068
cbba714a29a12b6d,0.1001445,0.0059897057,0.08420043,0.002707049,0.06010168,0.022977391
65678bec51d7db05,0.09995754,0.0059935967,0.08419101,0.0027127012,0.060098182,0.022967437
844d1b954bea99d6,0.10029721,0.006159921,0.08580488,0.0028265612,0.06104182,0.023531409
cd86b347090f4743,0.099796005,0.0059710033,0.08400335,0.0027004944,0.059995946,0.022886114
7a20fd7fbdee88be,0.100248046,0.0059916307,0.08418412,0.0027035023,0.06004775,0.022952806
2ef22967c067a7c7,0.09984348,0.0061102617,0.08449722,0.0027652173,0.060666595,0.02314823
cd7e20e04005cb3f,0.0997838,0.005971719,0.08396308,0.0026957046,0.059966844,0.02287412
559472dd66390e07,0.09979387,0.0059682247,0.083950125,0.0026967726,0.060020603,0.02289015
62c741f97b78350e,0.10016102,0.0059935167,0.084258094,0.002711917,0.06006102,0.022965265
a56af753f63696c7,0.100011095,0.00598504,0.08419303,0.002708656,0.060145304,0.022969343
fb45a5f08109791b,0.100111246,0.0060326587,0.08447987,0.0027221735,0.060096886,0.023045646
6699df82859122fa,0.10006729,0.006010512,0.08441721,0.002717375,0.06017965,0.023006896
745a30a05cc54bc3,0.10026647,0.0059813107,0.08423225,0.002702285,0.060112074,0.022955982
d17867487e705d07,0.10038268,0.0061892406,0.085537605,0.0028178804,0.060949873,0.023423031
9c1720e6595bd56c,0.09993905,0.0060160635,0.08430332,0.0027223092,0.060047977,0.023087174
35adb4099ada4746,0.10005938,0.006007336,0.084392995,0.0027072113,0.060133874,0.022986664
347b3ba5d1cfda10,0.10008399,0.005998109,0.08435139,0.0027204072,0.060257573,0.023043394
99353b4dcaade94e,0.1001223,0.0059906426,0.08417461,0.0027070402,0.060036864,0.022987409
ff8dcd205639af3a,0.10011941,0.005977505,0.08411898,0.0027027514,0.06007555,0.022963127
85ce7fbdcf2b766c,0.10018103,0.0059988056,0.0842771,0.0027136276,0.060038637,0.023002047
d80671046bd85a1c,0.10019853,0.005998084,0.08422833,0.002710317,0.05999795,0.022998463
2b2f119b7227e0d2,0.10006851,0.0060006627,0.08428425,0.0027130572,0.06015638,0.023024013
3a29d95342610b4b,0.09975457,0.0059693335,0.08392367,0.002694328,0.059968915,0.022873204
76bdce63875fe8e8,0.09974372,0.005977442,0.08400134,0.0027003067,0.059988663,0.022885842
00cdc8839cd25c6a,0.10014654,0.005981773,0.084172815,0.0027046788,0.060111996,0.022946224
4c6ea5e1a3985467,0.10016693,0.0060057673,0.08422244,0.0027139024,0.05998451,0.023017144
7a87493f933b80b7,0.10001298,0.0059841727,0.08428076,0.002710067,0.06019054,0.02295812
9e9d8f4a8dab117f,0.10002416,0.005991878,0.08426571,0.0027119245,0.060135514,0.023003729
e6be3d8caec3034d,0.1002303,0.0060129683,0.08440352,0.0027203176,0.060191307,0.023063168
b6eedb5f88480d04,0.10013836,0.006025064,0.0845016,0.002725331,0.06016781,0.023057777
aa90dbf9471a8c28,0.10025808,0.0059946617,0.084262215,0.0027096507,0.06008878,0.02295718
b2338f36a0df137d,0.10019503,0.0059921136,0.0841652,0.0027071044,0.060016755,0.022984007
d1c28db971f759a1,0.100161366,0.005980968,0.084124796,0.0027034034,0.060053293,0.022942867
5519041aebd6cf23,0.099724285,0.005959631,0.08387848,0.0026910945,0.059952464,0.022837102
5e86b302de6e50d2,0.10009282,0.0059979875,0.08418136,0.0027046711,0.06007927,0.022957103
1db7189cd9b0b3dd,0.09978612,0.005968411,0.08393393,0.002696807,0.060014624,0.022903623
dcff9001113ab648,0.10077497,0.006087269,0.08516917,0.0027456277,0.06026831,0.023260312
49ef101ebeee540f,0.100266606,0.0059940424,0.08430446,0.0027091587,0.060093015,0.0229934
248f6647cc0a7c2e,0.10021179,0.0060019544,0.08438057,0.0027198805,0.060140785,0.02300569
f72a9e1729433994,0.10009482,0.0059923776,0.084221825,0.0027098567,0.060093112,0.022979606
474f69c9ed4f0008,0.10021908,0.006007191,0.084301904,0.002720068,0.060121488,0.023103153
d83f6983b8598430,0.099861525,0.0059707314,0.08400091,0.002697337,0.06002372,0.022879418
f7b45959169eea5d,0.10021288,0.0060075982,0.08445774,0.0027213695,0.06020153,0.02305405
e300f50cf0b53ed4,0.10008737,0.0059916875,0.084136486,0.002705425,0.0600293,0.022969086
1c3e1a27b3019c3e,0.10045336,0.0060410076,0.08469019,0.0027286613,0.06011407,0.02316474
752d4cd66129496e,0.100102864,0.0060079144,0.08449128,0.0027236326,0.06021771,0.023053335
893f08fac5836792,0.10004779,0.0059901257,0.084264,0.0027097282,0.060115118,0.022971472
e212df0053ff9fe6,0.09980124,0.0059660156,0.08394409,0.0026968394,0.059999432,0.022876311
e2299ad4f71aadb7,0.09983783,0.005993903,0.08414824,0.0027074534,0.06001117,0.022937795
4284d05b029b9c83,0.100179285,0.005992449,0.08429493,0.0027140584,0.06012078,0.022981448
72e67dacbaecc11c,0.10080558,0.0060715517,0.084991366,0.0027353845,0.060338613,0.02316557
b9e84f78d676279f,0.100237764,0.006002728,0.08430676,0.0027119452,0.06010044,0.022983205
99c0978a2bcc4a63,0.100091204,0.0059959805,0.08427689,0.0027082954,0.060114272,0.022984523
8a6f051510f14417,0.100144535,0.006014171,0.08437106,0.0027163182,0.060033727,0.0230193
84ec636a0964a269,0.10031521,0.0059949146,0.08425175,0.0027053608,0.06004858,0.022967234
555f5a47ff1e70d3,0.09967981,0.0059572835,0.08387965,0.0026924694,0.060004376,0.022843022
aa3e5ed46609726e,0.10016592,0.0059911082,0.084227525,0.0027100465,0.060121227,0.022988215
366676e6f9970033,0.09969744,0.005960778,0.08393448,0.0026937656,0.060031366,0.022853894
aaf7ccdcaeef8fcd,0.10007572,0.0060023014,0.08432128,0.0027184207,0.06016849,0.023009196
c68ccc0dc466600f,0.10007377,0.005999068,0.08427772,0.0027111473,0.060145408,0.02303442
cb42a25f9e8fce2a,0.10021338,0.005985134,0.08421496,0.0027050518,0.060119126,0.022927923
7c6e658d6d39579b,0.10030117,0.005996145,0.08434412,0.0027167625,0.060177717,0.023034673
4c597bab117d4846,0.10016431,0.0060196286,0.084521346,0.002721402,0.060222793,0.023056563
0496f27613d6f702,0.10007102,0.0059872246,0.08416649,0.0027093003,0.060107715,0.022999346
4074f099c3dd4ad7,0.10026598,0.006020057,0.084450416,0.0027271293,0.06017898,0.023063416
7969b42d28ab298b,0.10013216,0.0059966254,0.08419428,0.0027083843,0.06000137,0.022971377
3d1400e1645c9444,0.09979738,0.0059667397,0.083995305,0.0026975654,0.06003019,0.022865176
75496f5c022231b5,0.100287095,0.0060073673,0.084321596,0.002716145,0.060051423,0.023021461
58d45c9ec1c46d23,0.09979224,0.0059818607,0.08406791,0.0027020306,0.06004519,0.022898668
514c694406d0c826,0.10007095,0.005979902,0.08403375,0.0026979628,0.059995126,0.022917842
0f293901a3479f47,0.099759944,0.0059727975,0.08402424,0.0026963097,0.0600372,0.02288888
8787230b62feaa21,0.10003047,0.005998991,0.084348164,0.0027149674,0.060175687,0.023031339
2b006b6dee796796,0.10018875,0.0060059554,0.084511384,0.0027256655,0.06029699,0.02302141
9acc37a6eb7636e0,0.100354545,0.006027729,0.08442643,0.0027185434,0.060091417,0.023114875
2e79d3427060f5e2,0.10019558,0.005983262,0.08419869,0.0027044537,0.060103375,0.022951223
c655e2a991acc9a8,0.099965416,0.0061615505,0.08539138,0.00280538,0.060906354,0.023394104
d44b25c6a211f6ff,0.09947703,0.0059554623,0.08380325,0.0026901928,0.059976578,0.022818021
a1ee5257db375df4,0.10011986,0.0059942985,0.084179185,0.0027050518,0.060015105,0.022953104
ad0db25d79972fd5,0.100301564,0.0060131275,0.08447682,0.0027223558,0.060185798,0.023090377
0e956db401d99fb0,0.0997148,0.00595799,0.083873205,0.0026915248,0.05999137,0.022844335
0d30820ca2800032,0.09948284,0.0059786947,0.08399219,0.002702357,0.060052417,0.022929313
7e19e7eeffbbd8d9,0.10017879,0.0060188756,0.08434362,0.002720165,0.060007468,0.02303517
251fa53310cd96f2,0.099762455,0.0059757,0.08403301,0.0026986059,0.059996363,0.02287063
aa626f77ae48917a,0.100237206,0.0060088993,0.084451914,0.0027205155,0.060146194,0.023036245
46fc0d25f3ed1397,0.10008837,0.0060256035,0.08448962,0.0027243334,0.06020494,0.023066688
9cff6c715694e2d7,0.10010794,0.0060076807,0.084244184,0.0027101752,0.060090218,0.023024952
9a9e3e807a710dec,0.100095764,0.0060000056,0.08428374,0.0027099033,0.060092133,0.0230502
fbd2d4cfef868600,0.09966941,0.0061324923,0.08490704,0.0027927826,0.060637757,0.023355424
b64d299f3dc8e58c,0.100220606,0.006009088,0.08433019,0.0027124535,0.060071617,0.023033723
4eb3983c41d444c9,0.1003033,0.006010198,0.08443472,0.002720442,0.060166184,0.022989042
e527d53b65cc21fe,0.100164205,0.0059980866,0.08424179,0.0027097603,0.06008956,0.022980973
6501d325c8f4bbab,0.10003057,0.0059924033,0.08426304,0.0027089163,0.05999747,0.022914704
ae944c5b2cd91c49,0.10016962,0.0059980694,0.08426367,0.0027113457,0.060119793,0.023004888
682896acead51eb1,0.10022471,0.0059915795,0.08421816,0.0027148356,0.06016149,0.023004608
2429c5749d8d4d87,0.1000958,0.0059932526,0.08429165,0.0027119762,0.060079664,0.022978172
d8c1722a93ae9a39,0.10031287,0.0060204165,0.08450009,0.0027228687,0.060236096,0.023141265
61da47f3d4792540,0.09974231,0.0059847,0.08416131,0.002707402,0.060122717,0.02295989
d25322fdb638f67f,0.099848844,0.006135812,0.08479563,0.0027678262,0.060754597,0.02322823
9915b34d8e23391d,0.10134128,0.006123579,0.08549303,0.0027590992,0.06056036,0.023381226
95555d075b94e1bf,0.10007897,0.0060078627,0.084198326,0.002707103,0.059975285,0.022986906
8a43c909a2621602,0.100204766,0.0059964773,0.08415109,0.0027063761,0.060007233,0.02300845
2c6b0b3d80551d15,0.10023002,0.005989694,0.08426376,0.002713643,0.06009916,0.022999289
69e79c1d8f07513f,0.09975689,0.0059648305,0.083923005,0.002696561,0.060005076,0.022863438
9774ec644b1c4dd9,0.10013659,0.005991955,0.08418293,0.002709071,0.06009821,0.022991687
08b65491d0311b8e,0.10008777,0.0059861694,0.08421669,0.0027043032,0.06005947,0.022935744
71da3b5a1719bb97,0.10008745,0.006003007,0.08429977,0.0027146125,0.060053106,0.023041992
c22614eb195d2a3c,0.09982686,0.0061211796,0.08495689,0.0027900722,0.060955442,0.023186792
48e6c60e32e40d6f,0.09970241,0.00596763,0.083937265,0.0026954352,0.060022086,0.02284913
7cd5a5aead135d51,0.1011094,0.0060961233,0.08529614,0.0027502156,0.0605041,0.023272661
df5bf491e4c0b486,0.10037598,0.006065037,0.08477482,0.0027441618,0.060297128,0.023188114
1fbe466b0523b0f6,0.10016609,0.0059859394,0.08409683,0.0027009489,0.059951447,0.022904254
135686e2bbb87c2c,0.09983866,0.005985818,0.084218696,0.00270975,0.060135514,0.022954945
151c61eb733fd8ce,0.10005928,0.006010677,0.08439616,0.002720848,0.06021003,0.02306975
70f0d61f29d4ee7c,0.10042096,0.0060309977,0.08458326,0.0027226175,0.060068153,0.023131346
ec71a4a8a746616d,0.100092925,0.0060109193,0.08430849,0.002723674,0.06018456,0.023031512
8842aea66efa66b5,0.1010357,0.006086438,0.085187875,0.0027427191,0.06049758,0.023258608
fb26238da27aca33,0.10022615,0.005992006,0.08422124,0.0027118872,0.06008358,0.022986349
733bed6cb071343c,0.100237116,0.0060061035,0.08433776,0.0027177315,0.060089342,0.023021419
6c43f26d964800ef,0.09977035,0.005971872,0.08402606,0.0026963572,0.059981834,0.022853618
ca559f6a94069ed0,0.09982065,0.00614269,0.08516552,0.0027930627,0.06103411,0.023352329
e8e1818ea0517890,0.10067833,0.006051433,0.084795445,0.00273333,0.06028365,0.023148088
063d6de65e66c38c,0.10000328,0.006132112,0.08524339,0.002799212,0.06066136,0.023453131
bdf9854fa5a0272f,0.10027608,0.006033002,0.08460802,0.0027299633,0.060179844,0.023109477
9523e93be30d7d4f,0.10001817,0.005999059,0.084129006,0.0027127669,0.05991884,0.0230145
5f03842b25b63bbd,0.09978565,0.0059610577,0.0839012,0.0026927318,0.059991922,0.022845123
be0e5767dfb02efb,0.10018737,0.005992318,0.08426825,0.0027046055,0.060116332,0.022998907
e565aa5f30db7dc6,0.10037555,0.00602375,0.08455301,0.002720156,0.060108062,0.023108901
acfda2db5bf08fa8,0.10142743,0.006145581,0.08560479,0.0027683564,0.060611527,0.023468733
8cc4afae7ad0b467,0.09976453,0.0059653455,0.083911315,0.0026951442,0.05999959,0.022887973
d4b5d235bf041e52,0.10007304,0.005993619,0.08421401,0.002712531,0.060071383,0.02298147
9899a026af549c35,0.10026897,0.0060354243,0.084650755,0.0027256152,0.06013657,0.02306051
5dc725ce86c05631,0.09978766,0.0059763654,0.08401078,0.002698095,0.060006663,0.022867147
a43cee05c53bce46,0.09966378,0.005966318,0.08395385,0.0026966364,0.05995616,0.022857558
f50b2c2bc06861b1,0.09979532,0.005971838,0.08398051,0.0026978345,0.060005765,0.022900743
be736fbbc0d1e99c,0.09932118,0.006130557,0.08525672,0.0027970327,0.06074954,0.023181722
d7ead6ede47e101a,0.10095802,0.006080133,0.08502907,0.0027405052,0.060395304,0.023243364
c4cddb57b945b90a,0.10017886,0.0060210414,0.084347725,0.0027231858,0.060073707,0.023087043
7e6fbe960a24869b,0.10009937,0.006001909,0.084371924,0.0027162975,0.060173944,0.022989405
bae51e4c1399a707,0.10012244,0.006010711,0.08433467,0.00271703,0.060114678,0.023039712
b15cc4b2a51cb95b,0.100225404,0.005996108,0.08431472,0.0027159823,0.060115512,0.022988783
d7284fdde09a1c25,0.10005838,0.0059963837,0.08413114,0.0027102977,0.06000597,0.022932025
57864e751c44df48,0.10022153,0.006001166,0.08433556,0.0027167057,0.060105305,0.023036867
3e704a59ae512c7a,0.10019199,0.005998422,0.08422892,0.0027069668,0.059978403,0.022971377
a24c29030fcf5998,0.099827655,0.0059924745,0.08447772,0.0027269258,0.060395636,0.022994375
0c6824951b4c6785,0.09971664,0.0059524146,0.08380982,0.0026870256,0.05996641,0.022810236
144a4201b7741305,0.10014719,0.005986115,0.08418323,0.0027037838,0.06002232,0.022938939
c311d572cbbc9678,0.10007639,0.0059909862,0.0841437,0.0027064597,0.059993405,0.02294528
b567f169aa68aef0,0.10002662,0.0059951134,0.08426052,0.0027089547,0.060100332,0.022965064
786dc8e0a0ea8a45,0.10013023,0.0060055056,0.08432177,0.0027113832,0.0600739,0.022968737
14ae1f88ed4a4f84,0.10004365,0.0059935167,0.08421276,0.0027070853,0.060094703,0.022945069
f3ecd7ed17f563f1,0.10059072,0.006052867,0.08478589,0.002734538,0.06035727,0.02318352
883515bfffc2bb5c,0.09978346,0.0059649777,0.08394039,0.002694173,0.059970524,0.022846699
bbe3629ced588682,0.09983924,0.005989163,0.08419562,0.0027090479,0.060111336,0.022938512
d3b1278cedf431d2,0.10016435,0.005999238,0.08427853,0.002715999,0.06009982,0.023025474
126585b27a1603c7,0.099756606,0.0059673814,0.08391423,0.002691599,0.059940387,0.022858288
187a62f0ff263e69,0.10027493,0.00601115,0.08440335,0.0027172044,0.060172286,0.02302978
337ee26500b766c4,0.09975826,0.005967936,0.0839424,0.002695357,0.06001075,0.022883724
fb7d3ff96e6b74bd,0.10002911,0.005985304,0.08425432,0.0027059165,0.060102068,0.022956423
03c4a91c08d7082f,0.10014224,0.005989115,0.084199406,0.002705744,0.06004807,0.022927476
8a19e245a99cc6e4,0.10016335,0.0059845834,0.08410542,0.0027020872,0.060034614,0.022937277
8a9c05c135e20038,0.100206114,0.0060197604,0.084404565,0.0027199492,0.06005744,0.023079816
74023516e7fa356d,0.10008043,0.005983026,0.08413426,0.0027057994,0.060077716,0.022954993
57d896b1c64f72d4,0.09981737,0.0059780967,0.08416877,0.002702601,0.06002122,0.022881662
75f5bfd48ea52bd7,0.10014055,0.0060287914,0.08449215,0.0027228724,0.06020894,0.023085661
8918644e966dac1c,0.10031797,0.006008051,0.08425789,0.0027171476,0.06010755,0.023051886
434cf00ea83592cd,0.10010868,0.0060194717,0.08444312,0.0027172084,0.060158934,0.023026675
b85579afb018850b,0.099750824,0.0059626456,0.08389715,0.002689699,0.05996719,0.022855263
cd379a55c051d7df,0.10012497,0.006012982,0.08437085,0.002718546,0.06018092,0.023037534
591bb3e4ab58aa8d,0.10022759,0.006006844,0.084284216,0.0027159876,0.06005695,0.02300298
44e6b9d0585e9d28,0.10012415,0.0059880167,0.084173195,0.002705623,0.060027335,0.022977665
d003a729f9b8f373,0.10023651,0.0060163373,0.08444213,0.0027188782,0.060168788,0.023042753
a291c286e2b94992,0.09982568,0.0059761927,0.084065385,0.0027006997,0.060076363,0.022891568
7c4e7ee128789514,0.100150414,0.0060032518,0.08430954,0.002718334,0.06007572,0.023040274
31b262e32aa73c45,0.09917049,0.006107543,0.08507393,0.0027878575,0.06052261,0.023138782
10f724c757ca583e,0.10016386,0.0060112667,0.084377155,0.0027174475,0.060096182,0.023039117
df0184e1e55b22af,0.10015393,0.006000583,0.08420642,0.002711775,0.060096886,0.02303721
fa94debdce942e2d,0.1001578,0.0060066697,0.08423924,0.0027107333,0.060070034,0.023015616
958eea653b2d23d3,0.099867806,0.006136167,0.08560527,0.0027941507,0.0609852,0.02328597
e674162573ad7d61,0.10001394,0.0059833694,0.08406429,0.002703622,0.06004858,0.022946147
d3b5cb574bb8b037,0.09995037,0.0059950966,0.084216304,0.0027072718,0.060108297,0.022938972
7ff1c7c6d34a928f,0.10021661,0.0060113035,0.084322646,0.0027129916,0.06007321,0.023006467
05b261bb48ee944d,0.09982122,0.0059880028,0.0841911,0.0027017966,0.059948623,0.022920392
6d91b38bf1270735,0.100172885,0.0060033,0.08438242,0.0027087631,0.06013506,0.023009988
cf82f2ad05d66379,0.100166485,0.0060187504,0.08446286,0.0027174745,0.06004207,0.023019852
bbe918342844998a,0.1012153,0.006113705,0.08540554,0.0027542138,0.060537215,0.023340823
0e5c8bc0e9f2edf4,0.10018769,0.0060024266,0.08431223,0.0027143683,0.06014382,0.023041794
dd5b596fccd1a1db,0.10014848,0.0060140737,0.08434491,0.0027129757,0.06015899,0.023061777
5db5d882dd6fe521,0.10022916,0.005998683,0.08430789,0.0027179385,0.060125764,0.023027452
f352a80e90b30094,0.10022511,0.0059784395,0.08414111,0.0027045477,0.060050912,0.022932816
9d61f089221f1bf1,0.10032835,0.006005332,0.08423948,0.0027162586,0.06010953,0.023048084
7c37541bcdbf4053,0.10018462,0.0059913443,0.08422755,0.0027085273,0.060112197,0.022983516
3bde38f0f6ec9718,0.100245714,0.005997086,0.084272996,0.0027160572,0.06014996,0.023001114
fd7e374cf658bcf0,0.099736996,0.005971875,0.084027655,0.0026995747,0.0600563,0.02290562
c47e4add1c687874,0.10008463,0.0060021137,0.084170364,0.0027050932,0.059986457,0.022978066
0ef5995dc4537c30,0.09983145,0.005962179,0.08392781,0.002690835,0.05998381,0.022837214
6fd57e1234bce0b5,0.100150235,0.0060091363,0.08430432,0.0027152747,0.06010909,0.02304677
528ca5c8ac67e1ad,0.09923552,0.0060830642,0.08492739,0.0027608015,0.060634006,0.023149638
925c4c115ac8c3b4,0.100479774,0.006036371,0.08465349,0.0027222536,0.060204197,0.02304758
bbfd38851be68349,0.09979483,0.005968338,0.08399905,0.0026972448,0.06000672,0.022847705
4d4db5da0a1fc2b9,0.10021093,0.00600626,0.084303655,0.0027091533,0.060076173,0.023000231
5b4c5bcfed5677e5,0.10039037,0.0060109673,0.08446605,0.0027238906,0.060237605,0.023041734
05b6e8512dc70cbc,0.100234024,0.0060305465,0.08460061,0.0027288701,0.060177818,0.023111705
09af907c9eb2033a,0.09979914,0.0059683146,0.08393734,0.0026948983,0.059998225,0.022879865
08794541c3560496,0.099720895,0.006109326,0.0850216,0.0027927984,0.06064146,0.023215003
fbdc43b6b980662b,0.1001875,0.0060019027,0.08444561,0.002711169,0.060098153,0.022963185
2ed149b290220c3c,0.100112624,0.006009133,0.084316865,0.0027157355,0.06013619,0.023034768
c855a837a1cc807e,0.09974779,0.005964927,0.0839266,0.0026948906,0.05998737,0.022869382
c511f09251dec361,0.10022399,0.0060080797,0.08438564,0.0027181027,0.060082573,0.022986718
d8ed3529442f2d7a,0.10014422,0.005990432,0.08417191,0.0027104458,0.060080674,0.023009904
163deeb1793163ed,0.10163358,0.0062181037,0.085913874,0.0028041706,0.060670435,0.02370628
474dffc0575cacb6,0.10017364,0.006006177,0.084379435,0.0027178556,0.060145408,0.023000075
c01d20ef1de40b7c,0.10022927,0.006022891,0.084348515,0.0027202608,0.06018747,0.023064358
c441cd194d9908a9,0.10014809,0.005982255,0.0841376,0.0026976524,0.06006231,0.022970483
6bef8608bca0b090,0.0997069,0.00596853,0.08394255,0.0026960107,0.060016252,0.02284952
eab66ee6fd6bfec2,0.099780425,0.0059631425,0.08402428,0.002694988,0.060046285,0.022846753
5499f4fe45e6d392,0.10003961,0.0059805373,0.08402803,0.0026949137,0.059940316,0.022927774
d40f747fcf28eb87,0.10016869,0.0061238143,0.08465275,0.0027625521,0.060692545,0.023285545
346544655cd27061,0.10004468,0.0059931935,0.084207185,0.0027071494,0.060094055,0.022947075
ddf8eba032c4fe7d,0.10056241,0.0060473247,0.084761746,0.002729788,0.060343612,0.023161102
5641f9a1b727071b,0.100050665,0.005993256,0.08425519,0.0027075512,0.060029823,0.022959094
35ecc9be7f802022,0.09977401,0.005961761,0.083928764,0.0026940014,0.060000133,0.022858698
43d09590b638e920,0.09978905,0.0061511435,0.08517958,0.0027970753,0.06108403,0.02330769
def72541ed6f2e80,0.0998183,0.005970222,0.084029734,0.0026952776,0.060036123,0.022861319
b5b08c5b5a740848,0.10011545,0.0059797545,0.084232174,0.0027000897,0.060054827,0.022904402
c65adb96d658a82b,0.099051066,0.0061100246,0.08520229,0.0027961072,0.060592793,0.023194423
6b2e61ec545f3f2e,0.1001278,0.0059801512,0.08404204,0.0026975728,0.059991043,0.022935636
8ec83b1c9e0b3165,0.100262105,0.006017763,0.084450476,0.0027175196,0.060083155,0.02303588
fc6e0b1f80c161a6,0.0997416,0.005965079,0.08394612,0.0026958724,0.060023908,0.022870172
3821dd24c344ac31,0.0997307,0.0061147516,0.08497823,0.0027907675,0.060543276,0.023295049
aba4f996c745783f,0.10024293,0.005997487,0.08428477,0.0027067207,0.06009112,0.023003113
109120fa35f1f845,0.10002399,0.0059934543,0.0842461,0.002708316,0.06011437,0.022961661
0d7ab22431f29a6a,0.0998131,0.0059775272,0.08403479,0.0027009028,0.06004726,0.022913432
98349051ce7e93dc,0.10019275,0.0059993034,0.08436483,0.0027225567,0.060217045,0.023010181
76f7fc1cb2e27b37,0.10035241,0.0060282857,0.084508024,0.0027265132,0.060184196,0.023092076
25375da843021f8c,0.10019187,0.0060150884,0.08445322,0.002711378,0.06006348,0.023052128
57944d936cd50ffe,0.09975755,0.0059759067,0.08398476,0.0026975484,0.05997781,0.02288253
b00ee42401228460,0.10011953,0.0059966426,0.0842679,0.002714082,0.060117133,0.023011854
32df9e041b03aa77,0.09984505,0.0059721917,0.08398697,0.0026961558,0.059985787,0.0228916
3cc5bdf92d70ae1a,0.10006677,0.0060010212,0.08429627,0.002712023,0.06010463,0.022994751
dce7bacb2bbec11e,0.10028406,0.006005722,0.08432849,0.0027201443,0.060208898,0.023046369
f98f02646e2d5ee5,0.099763885,0.005971699,0.08394679,0.0026935043,0.05995604,0.022880761
32bbbbde26af5817,0.099964984,0.0061023645,0.08480072,0.0027770307,0.060358495,0.023287596
4139624757d5b7a2,0.09994239,0.00599886,0.084086746,0.0027088185,0.059958085,0.022966709
9c6ee739f95572f2,0.10026897,0.0060354243,0.084650755,0.0027256152,0.06013657,0.02306051
8f928ea599ddf852,0.09972929,0.005972605,0.0839534,0.0026961018,0.05997225,0.022871621
c74d037660b71663,0.09985363,0.005986243,0.084114455,0.002706511,0.060051538,0.022929259
5d60dd1015ef8058,0.0997895,0.0059770457,0.0839977,0.0026989663,0.05999111,0.022907022
5d4be389d7b07890,0.099534154,0.0059527247,0.08379614,0.002687299,0.059975766,0.022806529
c188986203923945,0.10003526,0.005968275,0.08388157,0.002689984,0.05987958,0.022918198
859c9569c85184c1,0.09974154,0.0059679244,0.08395612,0.0026966892,0.059961334,0.022866352
770cfdf933d6bd5b,0.100693755,0.0060442016,0.084805936,0.0027279996,0.06033313,0.023127196
bed706d94fb4e27a,0.10018896,0.005978927,0.08408237,0.0026995274,0.060040686,0.022916868
934fb8a0c23d8ba4,0.10002875,0.00596424,0.0838588,0.0026883255,0.059873637,0.022903983
2a0f53811d95539b,0.0997285,0.0059724976,0.08396507,0.0026984224,0.060022697,0.022899399
6b08ba3d5459f21e,0.099699974,0.005981274,0.08402459,0.002702109,0.059970442,0.022919988
ce5a5b7aa589973e,0.099758,0.0059768814,0.08394009,0.0026941693,0.05983497,0.022850573
329fd7f61320657c,0.100154944,0.00600258,0.08429889,0.002708875,0.059886523,0.022943038
8fdea87ed34397e7,0.100043476,0.0059880763,0.08414312,0.0027035987,0.06005578,0.022943696
be5898e6b7a2da29,0.099691465,0.005961504,0.0839317,0.0026944675,0.0600311,0.022850659
c63a006b7c443795,0.09978278,0.0059664617,0.08396107,0.0026980732,0.060018115,0.022873688
930d5b7fafbb679f,0.10014152,0.0060015786,0.084357135,0.002717207,0.060076393,0.0229799
7dc8501415e442e3,0.10044524,0.0060356106,0.08466084,0.0027269127,0.060119297,0.023154
6f9e5c505d88dae7,0.10014759,0.006004239,0.08428722,0.0027139734,0.06003876,0.02299715
ff7d32e200d3cedb,0.09964344,0.006141453,0.0854109,0.0028002798,0.06071836,0.023336958
67c3cf28deb42a39,0.100242406,0.005998746,0.08432799,0.0027127631,0.06008816,0.023001885
514d26c67231d5f7,0.10020461,0.005994497,0.08422749,0.0027059936,0.06002342,0.022935953
c66ba23edaf1bc1e,0.10007068,0.005981648,0.08401441,0.0026979398,0.059929825,0.022919988
0353968d083c3277,0.099793136,0.0059825215,0.08406903,0.0027023929,0.060043067,0.022902353
822b0dabf757e7dd,0.10041461,0.0060132984,0.08446646,0.00272288,0.060179435,0.02301013
db2dc9504db8d8b0,0.099839136,0.005999747,0.084286444,0.0027066628,0.060067583,0.022966828
0ef1458f76c950ec,0.10011063,0.005980208,0.08421573,0.0027006806,0.06003615,0.022931857
5ecc33b8a39e8a73,0.100497946,0.0060453014,0.08478212,0.0027291025,0.060360055,0.023120541
a36a5c25f5c36cd4,0.10014626,0.0060074814,0.08438795,0.0027139038,0.060167003,0.023053799
6e12f35a4d7288c3,0.10009219,0.0059816088,0.0841173,0.0027025111,0.060066253,0.022944165
f33e7a9db0dcad3e,0.10039161,0.0060168053,0.084544666,0.002717375,0.060280323,0.0230241
cc29e3e9c93e56cb,0.09993631,0.0061032954,0.084946886,0.0027708088,0.060794663,0.023310905
9200224c3b41ab69,0.10067233,0.0060531967,0.0848413,0.0027359424,0.060324047,0.023135327
55698c7017d35c02,0.100150794,0.0059936335,0.08430729,0.002710901,0.060158107,0.02292527
a8941311ab99ea72,0.09974372,0.0059612445,0.08391001,0.0026920598,0.059987653,0.022843037
afc82782dd29515b,0.10013352,0.0060053067,0.08427346,0.0027110581,0.060058378,0.022985578
f95ffc2e5a553e50,0.09901341,0.0060672564,0.08473182,0.0027678667,0.060174856,0.023097234
fcbe505d3ba0d1d0,0.10025043,0.0060133724,0.08439197,0.0027178326,0.06005466,0.023034425
46252ff8a0e7cc20,0.10032605,0.006008768,0.08439399,0.0027172382,0.060015943,0.022993507
6ce58ea554e373b1,0.10028779,0.005987821,0.084206745,0.0027055703,0.060061555,0.02294765
638da12adba9e440,0.101356916,0.0061237914,0.08548177,0.002757591,0.060563292,0.02337563
0f8f94327987f2ee,0.10053447,0.006030972,0.08465105,0.0027252159,0.060289778,0.023065908
0caa750277a6de02,0.10025398,0.0059993374,0.084318176,0.0027176673,0.0601587,0.023040388
c11550d145a28ac4,0.099790014,0.0059628887,0.08391942,0.0026939963,0.05998934,0.022868227
9bfacb3e9ea0fd14,0.10036944,0.006019064,0.08448195,0.0027202503,0.060208276,0.023069246
3735adf6752146ad,0.1001144,0.005987954,0.08423389,0.0027050339,0.060123324,0.02297818
72f6bc4969ac16a1,0.10025481,0.0060065873,0.08442977,0.0027235018,0.06019033,0.023016755
9492780ff07f973c,0.0997697,0.0059724576,0.08397469,0.002698254,0.06003106,0.022902401
533a8ed17ba8fe14,0.10020145,0.006008518,0.084288396,0.0027096688,0.059996013,0.022990197
038e47f31d910a15,0.10040873,0.0060212724,0.08441127,0.0027198184,0.060041744,0.023040405
35b1fbb464c920ac,0.10006323,0.006149267,0.08545781,0.0027970592,0.060881093,0.023402981
2fde7e3faca6e351,0.100087315,0.005993108,0.08417336,0.0027057722,0.06009077,0.022988597
4a93bc2bde494f98,0.10017454,0.005992988,0.084238596,0.002710536,0.060128786,0.02298586
547c88db3ad78519,0.10036587,0.005990262,0.08419537,0.002701229,0.060011156,0.022928126
0160a0bd76873a14,0.099745475,0.005973081,0.08400558,0.00270126,0.06005491,0.022921098
04f927624b8d7841,0.10011713,0.0059963325,0.08417277,0.0027070027,0.060002387,0.023007492
be6ad9123637b489,0.100354284,0.0060334997,0.08466178,0.0027179902,0.060175795,0.023050195
79be34a88d190af1,0.10063627,0.0060452987,0.084810674,0.0027269488,0.06030705,0.023111701
36997cd96c995ee7,0.10006091,0.0059936414,0.08425195,0.002707376,0.060101144,0.022975154
245663a2ebe908fe,0.09974158,0.005965079,0.08394612,0.002695875,0.060023922,0.022870172
6b38da4355272241,0.10011374,0.006144061,0.08547579,0.0027981834,0.060873453,0.023330076
c9674aa8308fdf6f,0.10019575,0.00601431,0.08435841,0.0027160987,0.060067542,0.023048697
91f504c16f2c413d,0.099255726,0.006134271,0.08527042,0.0027989326,0.060777698,0.02320304
0c1fb32c7ddd8543,0.100657135,0.006052207,0.08480157,0.0027282073,0.060311884,0.023160422
ea5b123202cee7b8,0.10012873,0.006001701,0.08420844,0.0027137075,0.060025845,0.023027994
79413039f67aae0b,0.099771425,0.0059707738,0.084035106,0.0027008152,0.060068958,0.022887196
8f7231d9ea4098be,0.099799484,0.0059754197,0.083999254,0.0027007358,0.06001086,0.022900349
5845e34df1a80be8,0.10019187,0.005996506,0.08420518,0.0027085855,0.06009179,0.022984212
817dcefa9b7e8882,0.10017116,0.006009156,0.08428676,0.0027096828,0.059960876,0.022969931
b560f0422310c2e3,0.1000958,0.0060112695,0.08439512,0.0027174782,0.0602154,0.023003805
fff1dd4a6af69113,0.10024744,0.005991012,0.08420623,0.0027115596,0.060128067,0.0229798
06022a1be88aecc2,0.10019311,0.005985156,0.08413797,0.0027039524,0.059955712,0.02292064
8dc7789e736c9dc5,0.100125894,0.0060153054,0.084366836,0.0027179385,0.060204446,0.02299842
758d0e3c6c0b9569,0.10020065,0.005988366,0.084215164,0.0027079014,0.060073294,0.022991762
46b1da53eaad79c7,0.10011393,0.00600163,0.08427241,0.0027109447,0.06013124,0.022996806
3f76dcd7aeb667f6,0.099787764,0.00596943,0.08394671,0.0026975973,0.06001321,0.02289401
fda0b1da62596ff5,0.10010018,0.006005932,0.08425368,0.0027133024,0.06009154,0.023013858
c1f345495995d5d7,0.10009613,0.0060022045,0.08425437,0.0027075473,0.060057007,0.02294725
52a532b9c55a6580,0.10012317,0.005996523,0.084282234,0.0027120023,0.060110193,0.022993872
9eb57011a123bfb1,0.09974207,0.005970001,0.083957106,0.002697442,0.059987117,0.022872047
93ce4ff3c769b105,0.10086208,0.006061577,0.08488615,0.002731263,0.06033378,0.02317633
b29b4578a39a4b78,0.10006638,0.00597942,0.08410076,0.0027015887,0.060043655,0.022923287
6eb940b00465d11c,0.10074197,0.006044525,0.08471019,0.002725423,0.060238935,0.023128383
b6e7d9988e3a0d2b,0.100317344,0.0060175983,0.08443302,0.002719707,0.060075395,0.023080124
2d77e45478bbdc5a,0.10023991,0.006005309,0.084339716,0.0027231497,0.06020191,0.023089426
cf67954a7db8669a,0.09977812,0.005989019,0.084157445,0.0027081924,0.06009555,0.022930851
6286f9a95e6ee20f,0.10022295,0.0060356846,0.084555574,0.0027243802,0.060098995,0.023137713
895ea8c344048b07,0.100317225,0.0059972336,0.08423083,0.0027079605,0.060033083,0.022967212
70fb0bfa00958e77,0.0997416,0.005965079,0.08394612,0.002695875,0.060023908,0.022870176
8df6aa03f7080fe8,0.09969359,0.005963191,0.08392328,0.0026942433,0.06000659,0.022867009
0c54bb948f84220c,0.099461116,0.006127173,0.08540155,0.0027937521,0.060944855,0.023220869
d24cfb6bccfdb907,0.10024869,0.0060244044,0.084390454,0.0027213632,0.06015497,0.023126474
a223ee895255a264,0.100638665,0.006044061,0.08470568,0.0027247597,0.060255647,0.023108816
706e6a11973abd3b,0.09993549,0.005991131,0.084189646,0.0027072101,0.060008682,0.022967674
347d76dde3adf5c9,0.10013262,0.0059904554,0.08426648,0.0027040218,0.06005725,0.022949737
33a60c6a99b737bc,0.100089245,0.0059999404,0.084232196,0.0027091946,0.060050946,0.02301299
b8005a2fa6156ce8,0.100126006,0.006012438,0.084335394,0.002715742,0.060090713,0.023018362
d777dab46796103f,0.100078456,0.006013575,0.084362276,0.002714318,0.06014374,0.023038166
82334487ff81693e,0.09945157,0.0061128135,0.08499263,0.0027813294,0.06059366,0.023118095
ba8c38b7f52d9463,0.10007823,0.0061718165,0.085451506,0.0028055361,0.061048854,0.023322731
62bf36fa7d73d89d,0.100174576,0.0059969155,0.084158905,0.0027065703,0.06006876,0.022998055
f4fcdcbd99100361,0.09974464,0.0059726504,0.08397255,0.0026942857,0.059986588,0.022845022
e840d38489261fe2,0.099687174,0.005973412,0.08400751,0.0026994746,0.060018953,0.022863358
55a74615ba80b277,0.099596456,0.0059545874,0.083819926,0.0026861848,0.059948403,0.022808151
8ac346822d8ae9fd,0.099723004,0.00596941,0.08397702,0.002698846,0.060030635,0.022877345
ee204e0e941accae,0.099776946,0.005984076,0.084048174,0.0027041065,0.060001988,0.022940416
37bc6f2d0adaeb79,0.10024019,0.0059846286,0.084222205,0.0027056914,0.0600789,0.02297884
6410a7149fd7bf7b,0.100119255,0.006006781,0.08444434,0.0027177292,0.060201667,0.022979623
aed40f6063b57e88,0.10026897,0.0060354243,0.084650755,0.0027256152,0.06013657,0.02306051
9c14bd48e423ecb0,0.09958087,0.0061104586,0.08494451,0.0027792645,0.060781237,0.023196947
850f5e13da0c9ea4,0.09980558,0.005987004,0.08414139,0.0027100374,0.0601228,0.022946015
4ca007bdfb1bc2ea,0.10023398,0.0060016266,0.084239,0.0027162847,0.060134094,0.02300157
4acc8f5690a4fc9b,0.10013606,0.0060022986,0.08419458,0.002706901,0.059960943,0.022919081
3bc7d409aebfce5a,0.10004661,0.0059978506,0.08425875,0.002705663,0.060028642,0.022992067
2e56b1ed6412f852,0.099786825,0.005979432,0.08405629,0.0027008937,0.060043655,0.022886453
59717a5ce97f6a00,0.099748574,0.0059695174,0.083976045,0.0026976678,0.060016856,0.022890534
3524e1ce3d0e8113,0.10008837,0.0059888596,0.08421055,0.002705021,0.060099684,0.022968648
ccd1ad9144de0e44,0.09974387,0.00596534,0.08392831,0.002694906,0.059989356,0.0228664
6852e1e919d45a23,0.10015801,0.0060040024,0.08431058,0.0027136947,0.06012843,0.023010837
a7d193ac8c293b77,0.100049,0.0059882067,0.08425677,0.002708432,0.060110334,0.02297142
e33acb44dbb7a3b8,0.09999991,0.0060045547,0.084378116,0.0027147143,0.06021151,0.022995248
74e1e97872ebc569,0.100164294,0.0060017663,0.08427859,0.0027134893,0.06012435,0.023040086
fa7cba33eca92787,0.100154616,0.0059901485,0.08426291,0.0027081384,0.060122587,0.022983441
912acbb30a25314e,0.100152515,0.00599579,0.08421975,0.0027057878,0.060083155,0.022987232
4f771d81247721e2,0.100174814,0.006012894,0.08443289,0.0027214873,0.060118057,0.023048375
2946c81f02a1263f,0.099860564,0.005986362,0.084097415,0.002701992,0.06002329,0.022892876
a2faae2e2f6e81b9,0.100054495,0.0059894277,0.08425283,0.0027140484,0.060126193,0.022986304
4bd4a6afbc49bab7,0.10021153,0.005989615,0.08421987,0.002706946,0.060108386,0.022943962
a28b8bc16df4b758,0.10003186,0.0059813247,0.08420222,0.0027080148,0.060123716,0.02295887
5b2653063dd85122,0.10045879,0.00604582,0.084730044,0.0027269851,0.06029121,0.023128865
caea5f956236907f,0.10057723,0.006041913,0.08482028,0.0027321735,0.06038768,0.023120334
03a12136102a34be,0.09957942,0.006095103,0.08484295,0.002758879,0.06048559,0.023245616
bf55f2e271d44efd,0.10017546,0.006002262,0.08424108,0.0027075203,0.060008842,0.022980196
0d8e3d1eddac06db,0.09975245,0.005970567,0.083931,0.0026957032,0.059921492,0.022848424
6bd62f9ea45bd8f0,0.09969714,0.0059633492,0.08393307,0.0026948366,0.06001086,0.022858879
d1cd9afda6bb36d5,0.09986513,0.0059892717,0.0842429,0.0027044963,0.059984963,0.022921834
cdc13a1d72f8de8f,0.100026846,0.005987923,0.08419865,0.002707935,0.06014051,0.022973655
d7dbc6edb3e725d0,0.10062194,0.006039874,0.084694475,0.0027225462,0.06027059,0.023087291
29ce55277fa71fd8,0.10038334,0.0060302573,0.0845598,0.0027228957,0.06009803,0.023126034
faa0f9eb522d75f3,0.10015686,0.005987035,0.08422563,0.0027092667,0.06011097,0.022986611
5887f1293a334e73,0.100244604,0.00600289,0.08446303,0.0027127077,0.06012869,0.023002021
cce3d10df4ac537e,0.100210585,0.006015348,0.084416896,0.0027153313,0.060089502,0.023048181
ead0d499d2b0dea1,0.10004887,0.006017273,0.08448792,0.0027247195,0.060268767,0.023055192
c31ffbf8dc02d244,0.10030551,0.006022234,0.08443538,0.0027199788,0.060099628,0.023001736
2566ab56ec920501,0.100131765,0.0059900577,0.08426506,0.0027035484,0.06005066,0.022949085
38cff2228a83618d,0.10006383,0.006007302,0.08443578,0.0027173285,0.06021541,0.023002455
59ecb0391adb06aa,0.10018455,0.006008233,0.08431131,0.0027139217,0.060096156,0.023053389
9587c02ae09aa13b,0.09975391,0.0059631257,0.08388437,0.0026935427,0.059981063,0.02284962
4041ec4613321c5c,0.099237524,0.0061165574,0.08505538,0.0027896478,0.060641665,0.023149401
712a1d1657d6eaa3,0.099776044,0.005963183,0.08396006,0.0026971817,0.060018953,0.02285243
e086a60e6d820ecf,0.10032076,0.0060024834,0.08431168,0.0027154516,0.060133163,0.023023102
5e2f8124aa5fa025,0.09979385,0.005992017,0.084155776,0.0027036965,0.060000107,0.022968557
c28cd190aca8f359,0.1001021,0.006003957,0.08446189,0.0027146498,0.06018269,0.022995774
c419c3fa75a89c39,0.10021656,0.0059896433,0.08418482,0.0027084113,0.060072917,0.022983585
cf9edb01a73a978a,0.100075856,0.006004737,0.08444325,0.0027185772,0.06011749,0.02300239
c1f5b456c19dfe75,0.10004599,0.0059846,0.084235065,0.0027092102,0.060074616,0.022969803
a8b90097763589a9,0.10021871,0.0060131247,0.084463775,0.002716264,0.06015904,0.023063002
547bb0da4716acc0,0.0997972,0.0059754197,0.08399608,0.0027008422,0.06000465,0.022899248
9abf88053c9b0af1,0.10020822,0.006012458,0.08436832,0.0027214342,0.06019648,0.023078356
9e4bfc5e4857d3e5,0.09971623,0.0059602917,0.08395696,0.002695174,0.060016796,0.022824937
0e0706581b10796d,0.10008036,0.00598424,0.084098004,0.0027041542,0.06002516,0.022944683
5fe8bdb8cc98cf9a,0.10005256,0.0060228426,0.0844754,0.0027233155,0.06020306,0.02304073
5754aab224c90146,0.10005172,0.0060006487,0.08434296,0.002714456,0.060008224,0.022948716
4ea537851f447a6a,0.10018879,0.006003417,0.08448737,0.0027246794,0.060292996,0.023012465
9c2d9a4c9f1dbfed,0.09981148,0.0059763403,0.08403492,0.0026998522,0.06002185,0.022922022
c89d3fbc0b892c14,0.10020183,0.006000074,0.08420453,0.0027151597,0.06013479,0.023045797
3c351f15f74efb77,0.100538865,0.006020942,0.084491186,0.0027158973,0.06021947,0.023029903
456435fe75d103f9,0.10012338,0.005986024,0.0842872,0.0027108893,0.060115684,0.02295195
d471a40fc2a202f5,0.10012385,0.005984964,0.08404805,0.0026982361,0.05995736,0.022932453
d8e1d53762c0a17b,0.09983972,0.0059831766,0.084197335,0.002708454,0.060125776,0.02295396
69119b294d96bbcc,0.10002081,0.00599878,0.08422625,0.002706601,0.060090892,0.022949269
f2491e828014e0b9,0.10024079,0.00600831,0.08436345,0.002715223,0.060141418,0.023033595
6adff8fedd78d3fb,0.09969017,0.0059667933,0.0839586,0.002695852,0.06002474,0.02285249
7c5df7661aa2d9ff,0.0994713,0.0059516896,0.083778955,0.0026886899,0.05996929,0.02281742
96c116b3b7040abe,0.100183524,0.0060009756,0.08428807,0.0027143504,0.060042825,0.022962388
b2b43b21a5f7b2be,0.0997725,0.0059638526,0.08396884,0.0026980424,0.06003231,0.022873832
2b8a567d82b4f0ba,0.10012179,0.00599133,0.08416881,0.002700769,0.060007688,0.022916486
c8c8c49997f757d9,0.10027634,0.006015371,0.08448505,0.0027174063,0.060159445,0.02301212
8405a1e1acf92f8a,0.100196995,0.005991131,0.08429294,0.0027110504,0.060122482,0.022975508
ae26a42363be6ef2,0.0997004,0.0061664255,0.085055806,0.002800064,0.060483288,0.023227382
a5228f64cf07b874,0.100177996,0.0060206447,0.08443016,0.0027186985,0.06004405,0.022984587
a7086477fa495e86,0.10003824,0.0059894756,0.08422103,0.0027095373,0.06006955,0.022950495
9ba0a6ede5982e5a,0.099774964,0.00597051,0.08394453,0.0026984366,0.060000066,0.022894768
a69c4b97133f853e,0.10017645,0.0060562477,0.08469038,0.0027437573,0.060284026,0.023330063
6fc071e13d75012c,0.10030233,0.0060091102,0.08427697,0.0027158505,0.060008276,0.023039415
298aa0225014c97b,0.09953858,0.005962945,0.08384871,0.0026920522,0.059993323,0.022856457
2785ce3379dcbb44,0.09985578,0.0059837755,0.08410667,0.002705214,0.06004979,0.02292185
fc3b3489c52c69c8,0.09977147,0.005966787,0.08396657,0.002696425,0.059999105,0.022872144
9b8b53f25022e705,0.10004427,0.00598563,0.08418279,0.0027037093,0.060082205,0.022945963
c4967672f5b399ad,0.10011713,0.0059956703,0.084203504,0.002714024,0.060092278,0.02304378
3674ae851893efba,0.100170195,0.006002361,0.084255025,0.002715259,0.060058486,0.022993486
b74897b2de6af74f,0.09972728,0.0059648026,0.08392627,0.0026951903,0.059981186,0.022864519
f58c6e8b83cb3e5a,0.10032325,0.0060222656,0.08455832,0.0027137424,0.060186073,0.02303992
3173533e7aa831a7,0.10071428,0.006045462,0.08467052,0.0027279633,0.060264286,0.023157617
9dd98d86ffc786e4,0.100128144,0.005995926,0.08419087,0.0027089692,0.060055885,0.023001742
f240c6544a9389af,0.09956529,0.005953549,0.08379724,0.0026862079,0.05996235,0.022803614
1b56ed4d1ff8523c,0.09980226,0.005969871,0.08400766,0.0026976217,0.060044866,0.02287871
f25ecea2ed305184,0.09956564,0.0059577324,0.08381068,0.0026898575,0.05996143,0.022837002
c4a718c1840b65c0,0.099551015,0.0061241626,0.08496931,0.002781306,0.060834467,0.02323806
7bb50eea829e6c4c,0.10033767,0.006002907,0.084431864,0.002719151,0.060078043,0.02299356
d5657d8e81041415,0.10089043,0.006070024,0.08500752,0.0027365023,0.06043514,0.023201916
63264a3aa531ae4a,0.10015232,0.005997953,0.08421962,0.0027078344,0.060000807,0.022968154
3f58661ba04c3f1c,0.09979993,0.0059658284,0.08396602,0.0026961186,0.06000935,0.022876354
247703c4c8e73238,0.10012989,0.005991017,0.08431153,0.0027137708,0.060126,0.022978725
fb5ffc6c2e141a65,0.10007637,0.0059796437,0.084210865,0.0027077945,0.06014792,0.02294895
974382c293a17a88,0.09977742,0.00596582,0.08395102,0.0026960776,0.060023934,0.022859538
fdfa599f8c3a7e1d,0.09979599,0.005971009,0.08400333,0.0027004944,0.059995946,0.022886101
67ac4da35f714dbf,0.10013638,0.0059905318,0.08427057,0.0027038364,0.060052887,0.022948213
26792402bb3fa85a,0.10014121,0.0059995935,0.0843193,0.0027113033,0.060069468,0.022979325
5e2a1e4ef683ab29,0.10007701,0.005993284,0.08429386,0.002715387,0.06016141,0.022940708
3539d301fb140532,0.09973796,0.0059658657,0.08397477,0.002696425,0.060048945,0.02288107
ee54b3a7f659ee20,0.10020005,0.006022834,0.0843798,0.0027233995,0.06014865,0.023050295
10d07be969fcc495,0.10018888,0.0059959716,0.084299415,0.0027118423,0.06013382,0.023035686
a5410351a93e75f5,0.10024878,0.0059935567,0.084311254,0.0027062034,0.060113452,0.022986466
0a3f5f38f26bedd3,0.0999005,0.0059683146,0.0840448,0.002695698,0.06006103,0.022881268
ec24278498805dcc,0.100111626,0.006009321,0.08431253,0.002716486,0.06012706,0.023033464
e1523c560c45f100,0.10012048,0.0059936475,0.08417616,0.002706094,0.060027026,0.02296738
64d528d8702569e9,0.10016352,0.006004965,0.08430179,0.002713287,0.060159832,0.02305514
4ecbf88517c54728,0.10009167,0.0059950994,0.08417872,0.0027039202,0.060089372,0.022952473
e2a21037d798a0c5,0.10010942,0.0059924913,0.084292,0.0027135203,0.060016643,0.022970082
5c8ebaf221967581,0.10015436,0.005991943,0.08422912,0.0027103764,0.060122937,0.02299444
4a4e80deea7ff36d,0.100053824,0.0060139964,0.084424324,0.0027163853,0.06013531,0.022955231
b86569b73c1ad669,0.10016652,0.005995631,0.0841605,0.002708151,0.060088024,0.02300867
b7fdacbb88e8024d,0.09970256,0.005968448,0.08397002,0.0026982091,0.060033757,0.022884475
781d4297b0f483f1,0.10021974,0.0060002706,0.08426518,0.0027066655,0.059927955,0.022938715
9b81a9f28afc91c1,0.10020371,0.0060194805,0.08438564,0.0027231367,0.060196053,0.023078023
77c04aa5bdd2bcd3,0.09971075,0.005969571,0.08398858,0.0026979013,0.060043655,0.022871953
7aefe58d15419321,0.09987302,0.0059959777,0.08421489,0.0027081743,0.060003437,0.022940814
9ab2807dbb4c1403,0.1002169,0.005992872,0.08423451,0.0027089769,0.060068313,0.02300356
5a53ae5c40583d50,0.09975344,0.005973891,0.083970495,0.002695921,0.05998477,0.022889761
24b4e79567e29929,0.09971354,0.005958998,0.08393316,0.0026930599,0.060016755,0.022843516
aaf61b4ca1f9c43d,0.09950512,0.005958597,0.08383009,0.002692595,0.059989225,0.022838015
b1dca9b763069930,0.100177355,0.0059838207,0.08411842,0.0027011954,0.059989065,0.022888614
6fa5cf52a2d79fc7,0.10001075,0.006009327,0.0843485,0.002709929,0.06023114,0.022960056
2335815fac8675e1,0.099781446,0.0059573036,0.083889835,0.002690858,0.06000255,0.022852464
b03ff92bc224e150,0.09973663,0.005965009,0.08394275,0.0026950852,0.0599574,0.022849616
541cd60aff251f6a,0.09979511,0.0059704254,0.0840205,0.0027012313,0.060034182,0.02288196
b7632c4d4476a4dc,0.09980032,0.0059916307,0.08419343,0.002700417,0.060058836,0.022940783
521bdc813ce5abf3,0.10069999,0.0061864345,0.08593478,0.0028212122,0.06111568,0.023474328
20288bdb8c6c5e94,0.09979319,0.0059756064,0.0839881,0.0026993952,0.05997534,0.022921346
667649508aa9d0d5,0.100089915,0.005989209,0.08423083,0.0027054816,0.060056284,0.02292748
08a2a09083f981d7,0.10046015,0.0060284375,0.084667414,0.002727268,0.06030813,0.02304606
60272165806e737f,0.0994775,0.0061070365,0.0847098,0.002785092,0.06059704,0.02319863
23c2ce6f0354d1d2,0.099812575,0.0060006883,0.084294945,0.0027133839,0.060150478,0.022996362
f737d39156f64f31,0.100373276,0.0060538542,0.08492492,0.002733794,0.06023989,0.023102786
cd4ae0778db83991,0.10017366,0.005988567,0.084279254,0.0027115997,0.060130723,0.022960013
32b0e6281bcd6ea2,0.10026207,0.006009093,0.084354356,0.0027136197,0.060047645,0.023044348
5658ed7d14390e55,0.100385666,0.006020984,0.084484935,0.0027274028,0.060217902,0.023093205
751e4fd98bd789b6,0.10022976,0.0059862942,0.08415811,0.0027023635,0.060047343,0.02295242
d0ab6aebd6218321,0.10008885,0.0059869466,0.084132,0.0027025768,0.06003036,0.022958163
49e98d3d4d03e9d5,0.09979139,0.005967656,0.08394339,0.0026965442,0.060017716,0.022885596
a34dd03f3eb7bc8b,0.100248665,0.0060018348,0.084469974,0.002724007,0.060254373,0.022995446
518c28e39587deba,0.09950687,0.006105552,0.08477565,0.0027711499,0.06079646,0.023195956
0c370e0aa765fa5f,0.10014993,0.0059999744,0.084218994,0.0027089615,0.0600985,0.023009077
ed566a68efdc217a,0.09988369,0.005967314,0.083974436,0.0026944818,0.05999413,0.022850126
19830dc3bc953771,0.10024333,0.005990248,0.08416346,0.0027037195,0.060038116,0.022956591
da7c5b8158981809,0.0997069,0.005969922,0.083981425,0.00269775,0.060057234,0.022898406
58f40fc4dd75a575,0.10028773,0.0060034962,0.084436744,0.0027222964,0.060275167,0.023003643
073de6af73264c28,0.099393226,0.0061066085,0.08478401,0.00276872,0.060878787,0.023168191
0be39a346fa6760d,0.10013363,0.005990106,0.08416595,0.0027072758,0.060075957,0.022970691
0d3aea62b4b5dbc2,0.100571744,0.006022209,0.08449388,0.0027186002,0.05998788,0.023137849
3f9fefa1b975e1e0,0.100191414,0.0060024546,0.08437883,0.002722391,0.060188472,0.023036169
d75ffb3cdc38f9e0,0.10019623,0.0060044867,0.084321134,0.0027182398,0.060119566,0.023009913
6464a50d7174a2b2,0.10009823,0.006000817,0.08429872,0.002712193,0.060108863,0.023018759
47781d1730b832d9,0.09976804,0.005980106,0.084068775,0.0027030522,0.060049683,0.022907823
9895984f51f64c0f,0.100254305,0.0060121985,0.08438257,0.0027150668,0.05999387,0.023014111
ebce0c9786f19fdd,0.099357314,0.006098779,0.085039705,0.002779238,0.06066845,0.023179363
3320a86afa29c007,0.10021822,0.006014216,0.0843675,0.0027184517,0.060038745,0.023009796
7b92fea78ab9bde5,0.099744655,0.005988113,0.084160626,0.002708056,0.06003023,0.022936193
ff4793116dd40cea,0.100290716,0.0059935227,0.08423796,0.0027091636,0.06008805,0.0229955
cd02246ab0c5b24f,0.10073111,0.0060418784,0.08479343,0.0027271046,0.06035737,0.023117412
e3c3f1298118be45,0.10007837,0.0059949346,0.084329754,0.0027123205,0.060112458,0.022985946
9c679e674fa209f0,0.09998286,0.005992247,0.08424073,0.0027072656,0.0600758,0.022939393
69490cbff160c10b,0.09973503,0.005964293,0.08388687,0.0026901476,0.059940133,0.02284341
780c3c67861ecd27,0.10000358,0.006012492,0.08434147,0.002723358,0.060067955,0.023043768
d93b3d16841f010e,0.10017665,0.005992165,0.08423944,0.0027091855,0.06013091,0.022973442
e3faa4c163224065,0.10015805,0.0061128335,0.08511061,0.0027810042,0.06088108,0.023299297
73cb60d19de03084,0.09970118,0.0059677092,0.083937585,0.0026934338,0.06001384,0.022834715
f6673502babf0aa3,0.100138724,0.005980721,0.08416761,0.00270409,0.06011142,0.022937134
87f8469581b08770,0.10019019,0.0059794653,0.084225245,0.0027007305,0.06007537,0.022921685
00dd8d748fed5007,0.09976031,0.0059673307,0.08395693,0.002694929,0.060005765,0.022866342
1c1dfbffaab655a0,0.100174695,0.0059985584,0.084281236,0.002706174,0.06007844,0.022988891
9d58b45f2e202732,0.09999594,0.0059927725,0.084263265,0.0027159075,0.06017016,0.02301342
17ccfc93ecd723ed,0.09957262,0.006118564,0.084498495,0.0027625363,0.060700815,0.023206694
27a1c8582801ece7,0.10004917,0.0059887916,0.08425791,0.0027088209,0.06011094,0.022972988
5e2c73a2d7d718ad,0.100175075,0.0060011437,0.08426216,0.002712949,0.060081508,0.02302815
d8390120acd23e50,0.10015898,0.0059909634,0.08429746,0.002712598,0.060224,0.022926616
11ef8064ef98e73a,0.09934605,0.0061491122,0.08526771,0.0028015077,0.06083001,0.023187257
062137142b5b9926,0.09974445,0.0059702843,0.083968036,0.0026961532,0.06002757,0.02287403
30b45a74ce6752fc,0.10027052,0.0060099247,0.08441282,0.0027161115,0.060092438,0.023017827
5de30adb9cbeef5a,0.10015703,0.0059926813,0.084268264,0.0027079787,0.06008909,0.022986889
60909a02567817eb,0.10005427,0.0059858686,0.08413261,0.0027012252,0.060036432,0.022942135
b377e978bbea0773,0.10008697,0.005999324,0.084445566,0.0027184463,0.06021165,0.023000948
89d6f2cafdf21545,0.100033626,0.005989845,0.08431466,0.002714282,0.060185216,0.022975218
79fad260141ac1c0,0.10005374,0.0059848446,0.08415747,0.0027011468,0.060063846,0.022957355
90ff45c79495315f,0.099362694,0.006073845,0.08488576,0.002758674,0.060481124,0.023262203
b3963e72b4546fb8,0.0997535,0.0059563434,0.08387829,0.002691869,0.05997676,0.022829982
c64cadae442364f8,0.10010308,0.0060017896,0.084297344,0.0027193243,0.060181513,0.023038188
9e7a3d0a49df4129,0.100120075,0.0059982315,0.084199056,0.0027091985,0.060082313,0.022983195
e7e91773978c8151,0.10015823,0.0059860046,0.08415811,0.0027052127,0.060085654,0.022986792
415f0397519e7bb5,0.10001474,0.0059860954,0.08419969,0.0027087862,0.060115658,0.022980625
e5ae6ad530d918a9,0.10071858,0.0060628876,0.08481447,0.0027350502,0.060307235,0.023193894
766d3dd253674ccd,0.09975699,0.0059675258,0.08393551,0.0026942191,0.05999096,0.022859698
c84e82ceca034d91,0.100082055,0.0059910854,0.08420123,0.002708584,0.060079593,0.022931995
c19c090967768557,0.10010959,0.005999417,0.08431552,0.002710535,0.060144726,0.022999626
fc467370b34c4448,0.100036226,0.005981314,0.08412261,0.0027021307,0.059975754,0.0229171
de05610dc379e94c,0.09985137,0.005978842,0.08411554,0.0027022476,0.06002118,0.022892676
7634bdb4ea72033f,0.10034776,0.0060050385,0.084379286,0.0027173,0.06017226,0.023038756
960a64c86c155e5a,0.09972023,0.0059615322,0.08390334,0.0026947765,0.059991386,0.022842338
f891ed3b63d06fb0,0.09992966,0.0059925993,0.08423749,0.0027091121,0.06006977,0.022960944
01b6b98045d98876,0.09979606,0.0059710937,0.08400338,0.0027005365,0.05999585,0.022886395
aa06178896232b5b,0.10017366,0.0059886556,0.084156565,0.0027058816,0.059981428,0.022924745
5067513fa6f54f51,0.10005807,0.005989683,0.084212594,0.0027063952,0.06009163,0.022975337
87fe07104de32d09,0.10051838,0.006046201,0.084782384,0.0027270566,0.060231116,0.023082167
d1863e79f9f34fd9,0.09971921,0.0059644207,0.083915755,0.0026964366,0.0600185,0.02288012
aef9eb4ceda2e0ae,0.10015557,0.0059980983,0.08427667,0.0027122495,0.060108468,0.022981185
53cfe42a3820fa7f,0.10012992,0.0060148262,0.084302016,0.002711788,0.060085014,0.023026772
1ba6af06b5ffd19d,0.10028443,0.006008236,0.0843925,0.00272186,0.060255025,0.023013702
163e15610d1e4bf8,0.10008828,0.0059890244,0.08415917,0.0027062858,0.0601061,0.022978906
fe35c7c49ec48500,0.10016757,0.005998451,0.08422984,0.0027073477,0.060019255,0.022961725
8e2b4c24183188a4,0.099744655,0.0059718858,0.08399124,0.0026978077,0.06002503,0.022872811
465df5670d9d7e69,0.1002168,0.006013093,0.08444721,0.0027170777,0.060042743,0.023001758
be1e0da98c0079c8,0.09988893,0.0059844446,0.084133595,0.0027038509,0.060012866,0.02294251
122aff48f98030a0,0.1001615,0.0059833354,0.08417847,0.0027044653,0.06009748,0.022933688
173e2db706e3c1e2,0.099856414,0.0059812455,0.08413617,0.002703492,0.06007912,0.022932956
f7c413446e70f047,0.10006308,0.005986283,0.08414001,0.0027063333,0.060096376,0.022977198
5b27cf697dc14f20,0.100118704,0.0060088364,0.08431436,0.0027160482,0.060113948,0.023033367
dd14acc2a8fcdcbd,0.10011402,0.005998118,0.08416855,0.0027061133,0.0600253,0.022930296
5697854f6931dffc,0.09974839,0.00595932,0.0838573,0.0026870626,0.059930567,0.022837646
053163bb53ed1c5b,0.10020665,0.0060077007,0.08431412,0.002717225,0.060186263,0.023059135
3d5463ad5c6e4233,0.09976436,0.005968168,0.083904974,0.0026950878,0.059979007,0.022880008
adfcab3ef4396360,0.0998452,0.006119123,0.08498822,0.0027887125,0.060466323,0.023255872
965230a40160b971,0.099283814,0.006081997,0.08511197,0.0027694574,0.06060267,0.023157835
aef58857328bab05,0.09973762,0.0059689716,0.083927445,0.0026976306,0.059991717,0.022907838
c8a18b38c90b5b15,0.101105936,0.006090934,0.08519575,0.0027434898,0.060443304,0.023273934
c7a8ccf211b5732f,0.10014089,0.0060078767,0.0842672,0.0027123296,0.06011232,0.022991633
6bfeb0d831e803de,0.100231744,0.0060223946,0.08444199,0.002718974,0.06017809,0.0230294
9f6afa0ffe1b22b1,0.09994493,0.005994057,0.084215164,0.0027086753,0.060014926,0.02297386
9564f7a9674bdf00,0.100307345,0.0060022897,0.084362015,0.0027163555,0.060177647,0.022965277
d0e536735521555b,0.09975993,0.005974242,0.084006496,0.0027001295,0.06001325,0.022878917
264f4693c838cca1,0.100161925,0.0060280915,0.08449146,0.0027308264,0.06025767,0.023104379
490aa5a423182873,0.09959464,0.0061466065,0.085245065,0.0028047466,0.061243817,0.023378374
cb65e6b609a90a2f,0.10011817,0.0059998664,0.08418634,0.0027113135,0.060056627,0.023018025
cfc6594a927a9fc2,0.099676006,0.0059575294,0.083873585,0.0026903446,0.059989937,0.022839531
2da79c459e584019,0.09972069,0.005969353,0.08396633,0.0026978937,0.060017098,0.022863865
d762249d9d9a8fef,0.100124545,0.0060054627,0.08420557,0.0027058597,0.059958357,0.022986203
d36b13cc7673d6c7,0.09979751,0.0059744404,0.08403617,0.0026992976,0.060027055,0.022892993
e0c7bdd9b6346ef7,0.1002256,0.006001229,0.084226534,0.0027157292,0.060032643,0.023041632
d19a950f56133356,0.100098506,0.0059843254,0.084253974,0.0027101377,0.06012558,0.022930048
0c484eddc783bd23,0.10034776,0.006005722,0.08439328,0.0027131953,0.06014665,0.0230391
a3430b3e9ff31a5c,0.09978437,0.005967226,0.083973765,0.0026955495,0.059971116,0.02283381
c461b3d273f87753,0.10059489,0.0060454477,0.08470113,0.0027284888,0.060324978,0.023120357
c5eb3eec76ae347e,0.100215055,0.0060079144,0.08425885,0.0027140572,0.05995949,0.022979874
f675af23b5704334,0.100114636,0.005988082,0.08418891,0.0027052886,0.05993766,0.022931982
f07fb62784095919,0.100273505,0.0059910035,0.084211156,0.0027076234,0.06007525,0.022993261
de954fa2da9e4caa,0.09973311,0.005970454,0.08394339,0.0026960005,0.060000148,0.022867683
c69ff11a9c659517,0.10007128,0.005996807,0.08422907,0.0027084358,0.060116347,0.022985399
80f04c5fe22914cd,0.100245886,0.0059972336,0.08429865,0.0027144302,0.06020157,0.023061594
0987567f7eabc68d,0.10009748,0.0059946617,0.08424446,0.0027086355,0.06010755,0.0229964
ebf887f76d061a31,0.10012592,0.0059881103,0.08419218,0.0027096183,0.060096003,0.022976685
7ae2cdb6cf620e9a,0.09990942,0.0059870374,0.08428773,0.0027163827,0.060181294,0.022973174
5f8b634223e88a31,0.10017104,0.005987923,0.08422745,0.0027085159,0.060131907,0.022959784
1bf44641e07eca70,0.10016059,0.0059960117,0.08420743,0.0027090993,0.060066536,0.023007838
afc3205ce4f6e0f5,0.09958823,0.0061169453,0.08539892,0.002793994,0.06067568,0.023380399
d49c9cecdad2e22c,0.100124374,0.0060143503,0.08428405,0.0027127697,0.06002442,0.023003923
680da14986ebe2e7,0.09973464,0.0059835026,0.08407661,0.0027045668,0.060072888,0.022909919
5214ea555a88ef87,0.099839665,0.0059783543,0.08403345,0.0026978704,0.060007084,0.022899654
398a09734514030a,0.10024307,0.0059957304,0.08435929,0.0027184917,0.0602544,0.023023864
c237b1a047aabe50,0.09968675,0.0061204834,0.08508308,0.002786108,0.060751945,0.023216018
ce2914174d3ef14a,0.10010658,0.0059863054,0.08423955,0.002716025,0.060176432,0.022988832
0f3622eaca18119e,0.10011014,0.0059819743,0.0842272,0.0027059603,0.060107455,0.022921516
46c8b94a4d36776c,0.099819526,0.005967727,0.08401722,0.0026955982,0.06001487,0.022849988
4ab51978785c8745,0.10022181,0.0059950566,0.08431113,0.0027170235,0.060227517,0.023030944
2b313bd50ba6eda0,0.100000486,0.0059853354,0.0841859,0.0027076001,0.06012648,0.022947181
823a62e54b18548f,0.10013917,0.0059788134,0.08409624,0.0027017954,0.060053796,0.022941204
11d055609d96a9b7,0.10000538,0.005982272,0.0841909,0.0027028762,0.060073026,0.022911757
d40be8d77b3d5652,0.10020625,0.005986822,0.0841304,0.0027031205,0.060046833,0.022965465
33d86cc9c2502218,0.10022259,0.0059920824,0.084290184,0.0027132663,0.060077775,0.02294385
9bb1ecaa6772cdf3,0.100104995,0.006000236,0.08428172,0.0027072423,0.060087644,0.02295682
dbd15d79a4fd872b,0.100153804,0.005981507,0.08413268,0.0027029482,0.060036566,0.022927646
e98a676e70283b45,0.09976168,0.0059731575,0.083987996,0.002700448,0.060016453,0.022901645
05d62f5361134457,0.099508725,0.005957868,0.08381661,0.002689668,0.059973482,0.02283672
e49e8939cdf9b225,0.09989034,0.0059834635,0.08413103,0.002702686,0.060011532,0.022929724
133dd927568c1087,0.100134484,0.005997222,0.08419803,0.002710362,0.06007796,0.023044584
45889256e65168a1,0.09971303,0.0059763654,0.08406398,0.0027018918,0.060025893,0.022878144
703d6f1eec12b196,0.09987194,0.0061326087,0.08507427,0.002795174,0.060611106,0.023304911
0ea1839125a3acb4,0.100110985,0.0060009076,0.084208064,0.002708673,0.06001573,0.022985121
ad9b171315894a90,0.100303404,0.0060204053,0.084345,0.0027233618,0.060107015,0.023115128
c38eb491a5e84271,0.100138605,0.0059979213,0.0842219,0.0027121077,0.06008792,0.022996208
2ab955ca285eb41e,0.10015376,0.0059977514,0.08433191,0.0027162444,0.060112126,0.022985904
2982a3819a840018,0.09971454,0.00597329,0.08398288,0.002698507,0.06002256,0.022886034
8546dbd84d9f95fd,0.10052265,0.0060504577,0.08484292,0.0027346264,0.06039074,0.02317803
f2d8125b268c663a,0.100139774,0.0059946193,0.08427694,0.0027158817,0.060005214,0.02297712
d0466dbcb221ea19,0.10006392,0.0059924093,0.084141076,0.002705255,0.06002922,0.022995608
5e7094afb00efa41,0.10053313,0.006036183,0.08475984,0.0027244007,0.060291402,0.023072459
317f600996bf3664,0.10009924,0.00599685,0.08427622,0.0027106972,0.060117133,0.023020105
e7e4bd9f9eaa67a1,0.10014816,0.006001738,0.08428109,0.0027097305,0.06002504,0.022980291
f106647780a52f7a,0.10150516,0.006160888,0.08570441,0.002775585,0.060642287,0.023503263
cd3071cc0d665b5e,0.10019275,0.0060508708,0.08469873,0.0027412898,0.060037304,0.023159754
06cfbb00c7e19dd9,0.10007546,0.005989138,0.08413836,0.0026989202,0.059997614,0.022949614
53663977312dce93,0.09954503,0.006121348,0.08487974,0.0027758991,0.060882054,0.023202542
645af2eef1eb2d71,0.09970562,0.005956414,0.08383917,0.0026883893,0.05997512,0.022818102
ab66e497ecf4f84d,0.09995767,0.0059918095,0.08423407,0.0027060916,0.06011596,0.022933248
5c94950b73259f48,0.1000963,0.005991242,0.08422337,0.0027059086,0.060097452,0.022977863
34f0445a3cf0d5e0,0.10008747,0.005997313,0.08427918,0.002712131,0.06010125,0.02298623
facd244db60c830f,0.10005849,0.0060130646,0.08437296,0.0027121387,0.060211267,0.022973794
82ea32cd316d279d,0.09993343,0.0060113436,0.08438589,0.002719049,0.060093675,0.023024594
1fc390d1de307af3,0.099504836,0.006173338,0.085631065,0.0028170792,0.06090006,0.023342049
29c3484119d1193c,0.10061241,0.006047717,0.084825255,0.0027281085,0.060303718,0.023111818
bdbd5d0c86aeb28a,0.1007305,0.0060366173,0.0847711,0.0027267674,0.060348183,0.023119172
45b1cba0ff461256,0.100115,0.0059878468,0.08427771,0.002710076,0.060108144,0.022950834
c5f260b3fcc34787,0.09979775,0.0059713796,0.083976105,0.0026945947,0.059944373,0.022845414
abc0907fcd98edce,0.100202486,0.005979321,0.08417638,0.002702294,0.060106285,0.022951115
a9e1dded33fc4621,0.09970761,0.0059616026,0.08391325,0.0026952454,0.06002076,0.022869239
d9096d24a1fd4daf,0.10016512,0.0059936754,0.084200345,0.0027115687,0.060098443,0.023018967
0745e87f490e53b7,0.099728234,0.005962767,0.08393267,0.0026958813,0.060030416,0.022854438
922abe2d2e930d67,0.100245506,0.005999747,0.084394366,0.0027191434,0.060237315,0.023015369
ba70a5bdc7c84e54,0.09993495,0.0059925793,0.0843818,0.0027168724,0.060277387,0.022979025
c1aea9f6d67f9ca8,0.10020637,0.0060115033,0.08431197,0.0027147247,0.060034644,0.023004282
c8ea09a351ff43f2,0.099961616,0.0059917048,0.08420087,0.0027064378,0.060089406,0.022950197
5a026264f92f6453,0.10013919,0.0060061314,0.08424433,0.0027142768,0.060086653,0.023000713
ff1358e190f69e03,0.10012308,0.0060016443,0.084243044,0.0027105296,0.06010704,0.023000622
e71d6dc69a425e67,0.10005329,0.00598276,0.08407496,0.00271,0.060023654,0.022989886
2b675ce17c393298,0.10033909,0.0060113375,0.08448355,0.0027273407,0.060286388,0.02303866
e2a018cbae8311f5,0.100019544,0.0060020336,0.08423796,0.0027098635,0.06012699,0.022987455
523361d38949e158,0.09948986,0.006171554,0.08559971,0.002810765,0.060799237,0.023307228
d062432c2157da3c,0.10019584,0.0060056224,0.08429901,0.0027173958,0.060050644,0.023015745
05239bb1020c0870,0.09998802,0.005979477,0.08422925,0.0027081359,0.060169112,0.02295743
e01c1793ec772bfb,0.10011429,0.005981512,0.0841845,0.0027041992,0.060122814,0.02295865
f33d5635d2a22399,0.100219704,0.0060034366,0.08429488,0.0027102176,0.059957027,0.022958634
ae25cea3aa23f258,0.10013958,0.005995398,0.08431262,0.002715303,0.0601315,0.022987803
efc81833944a4c64,0.10011543,0.005989237,0.0842161,0.0027076968,0.060117655,0.022960413
e456b7c2fcc943cd,0.10016626,0.0059986208,0.08417965,0.0027053736,0.06000041,0.022971032
5bd9e2908fc81536,0.100181095,0.005989331,0.0842333,0.0027090297,0.06013304,0.022982895
acd7f399b2e7ce54,0.10064986,0.006047333,0.08483675,0.0027352492,0.06037045,0.023149448
285698b411807b2b,0.09981896,0.005969452,0.08403981,0.002702411,0.06005564,0.022884903
5100ee2c95b55dd2,0.10007489,0.0060064616,0.084292874,0.0027105438,0.060084973,0.023003183
b90f3ca152832466,0.099744536,0.0059616934,0.083904535,0.002690895,0.060001176,0.022843312
15b79a1e09618f06,0.09983884,0.0059793973,0.08413096,0.0027008962,0.05996335,0.022893658
107e970822ab3e37,0.10007776,0.0059981635,0.08430903,0.0027141839,0.060124956,0.02299835
1e223fffae2805b2,0.10009462,0.0059955,0.08425833,0.0027126586,0.060126342,0.022998683
2113be42d21e0a3c,0.100091465,0.0059818015,0.08419979,0.0027061405,0.05996837,0.022881906
0c75a7f0e7798bf0,0.09930158,0.0061511695,0.08524472,0.002799107,0.060728546,0.023260452
980a89ee3dba4935,0.099702,0.0059623173,0.083917804,0.002695907,0.06002485,0.02286817
21bfab5229323b55,0.100227915,0.006019954,0.084420264,0.0027221423,0.060119864,0.023085143
7697fde6e05babae,0.10028129,0.006004811,0.08426876,0.0027101843,0.059989307,0.022980737
29da89d988534ab6,0.10016579,0.006003564,0.08426527,0.0027130598,0.060103633,0.023036737
fa04dbe923d85f09,0.10007775,0.006001141,0.084441096,0.0027188978,0.060208622,0.023011312
a445a25f2f2dd5d6,0.1002532,0.006017073,0.08454572,0.002725816,0.060273603,0.023012808
376819faa7067b09,0.10016683,0.0060032518,0.08436704,0.002707546,0.060124576,0.023004297
208b9716eebf4d27,0.100231975,0.006012566,0.08429714,0.0027173168,0.060069136,0.023092937
9682221744b8b82f,0.10002152,0.0059937555,0.0842981,0.0027069305,0.06004955,0.022923095
3d7a10a81dd77d78,0.09973518,0.0059534926,0.08382309,0.0026896514,0.05996335,0.022835527
3c88f082314b36e0,0.10011507,0.006004322,0.084267765,0.0027114244,0.06004484,0.022970231
262021d500e2a45d,0.10008191,0.0059861406,0.08420826,0.0027051342,0.060040396,0.022938656
b82f7066ab4da2ce,0.10060982,0.006052374,0.08473822,0.0027281917,0.060228743,0.023129841
b6f80a94675add92,0.09979344,0.005965105,0.083983846,0.0026949276,0.05999081,0.022843089
4e5fa5a029a22e57,0.099811435,0.0059575946,0.08394041,0.0026914903,0.060018204,0.022833502
db5299fec8dde3c1,0.099742115,0.006175327,0.08552837,0.002815744,0.060934976,0.023364361
e31089e577d5a16f,0.09979381,0.005969537,0.08394765,0.0026969677,0.059989277,0.022889927
da62ab0424d464d3,0.09924681,0.006135684,0.08466916,0.0027802887,0.060371123,0.023209894
f2eff72b07a0f2fd,0.10004826,0.00597912,0.08416368,0.0027034804,0.06011687,0.022939047
32311e80a3d8dadd,0.100136295,0.006026726,0.08444559,0.0027230137,0.060184695,0.02315562
5946fca6fc1fcb00,0.10052534,0.006042354,0.084732,0.00272722,0.060332317,0.023127731
815dd4cf742a0e5f,0.100127056,0.0060151424,0.08443022,0.0027207085,0.060051516,0.023007803
d43c04a4e79c4a52,0.09981555,0.0059791366,0.08404052,0.002705263,0.060036443,0.022907637
49a2d27eee5eb8bf,0.09971925,0.005961535,0.083894856,0.0026924005,0.059951708,0.022816576
8d99e7fbaa397c03,0.10016173,0.005998689,0.084237985,0.0027141206,0.060051247,0.022971584
d88cf348ca3bf5b0,0.10107918,0.0060839695,0.08519467,0.002742925,0.060488645,0.023239972
f2de3c32dbd940d0,0.100498684,0.0060089766,0.08466456,0.002724362,0.060372673,0.023031266
481d84978c6964a0,0.10013148,0.005989541,0.08426129,0.0027032401,0.06005371,0.022947393
fb2daa5075eeb2e5,0.100150794,0.00599656,0.08421533,0.0027108907,0.060088105,0.023013268
bbf37a2828c0e2a7,0.09986358,0.0060039856,0.084356494,0.0027162742,0.060064856,0.023018276
8dd3f7d3c27316ec,0.10006089,0.005996006,0.08423404,0.0027084295,0.060101476,0.022955013
bddb39145a84dbf6,0.10010841,0.006013566,0.08451828,0.0027180044,0.06017483,0.022986852
dc8d41c467b0fbd8,0.100345716,0.0060263546,0.084503934,0.0027253858,0.0601892,0.02308022
b3a925c3f831cc8d,0.10021499,0.005994372,0.084207445,0.0027122963,0.06000314,0.022964181
c5b3aab92fa7c0c0,0.10022696,0.006009629,0.08437379,0.002716525,0.060097877,0.023006426
9bc7a0a9a0d08951,0.100133695,0.0059921388,0.08427623,0.002704527,0.06005246,0.0229552
5bed4f52a2743368,0.09996327,0.005987463,0.08419803,0.0027044062,0.060006045,0.022907343
ff012115578d6de5,0.10016852,0.006014775,0.08444447,0.002723125,0.06022616,0.023114301
36a3911799eecb12,0.10010656,0.005989189,0.08423147,0.0027101405,0.060051516,0.022966102
577819581cee5eb1,0.10012613,0.0060090735,0.08440195,0.0027171578,0.060199667,0.02307951
1b0d7d3c3e11e8c4,0.09995518,0.005995071,0.0842342,0.0027090684,0.06010558,0.022920707
12605157597e279f,0.100249186,0.0060108965,0.08442854,0.0027222796,0.060064677,0.023032987
0560e1fc3eb9dca3,0.09969036,0.0061853854,0.08523928,0.0027959435,0.060475018,0.02329251
d80d7fcf2bfc2b7a,0.09979623,0.005982153,0.08403422,0.0027020741,0.060035367,0.022939527
3c31feb0ac8778cf,0.099806786,0.005969486,0.08393734,0.0026969085,0.05998604,0.022893105
7c4f6ad6cf487cc8,0.09985782,0.0061129173,0.08515997,0.0027825902,0.06082316,0.02321572
d071975801dc6171,0.10017994,0.006000799,0.08427622,0.0027101624,0.060086932,0.023024272
149dbd88b1a72e69,0.10014048,0.0059928666,0.08421214,0.0027079994,0.06006414,0.022974288
9d42e34691201733,0.10026695,0.005989842,0.08428414,0.002712794,0.060079057,0.022964027
3a9291e61a5fc36f,0.09942811,0.00613996,0.08510651,0.002805643,0.060644295,0.02327668
05fc267cfad8c07e,0.10014314,0.0059898277,0.0842734,0.0027044783,0.060068607,0.022951677
f09d5e4b3199be2b,0.09974357,0.0059704483,0.08395773,0.0026981619,0.05995966,0.02287047
e333a8456a901afc,0.10012909,0.005988894,0.08415221,0.0027060644,0.06002076,0.022929477
9cd41a235ca47ec1,0.100058265,0.005995432,0.084329404,0.0027182074,0.06023766,0.023027195
b312984de67450f8,0.100244984,0.0060031093,0.0843061,0.002711508,0.060074616,0.023029763
a08a044c567dee0b,0.100226924,0.005993514,0.08431268,0.0027162512,0.060119677,0.023012305
09c9b756964b47e5,0.09920342,0.0060922066,0.084900506,0.0027813984,0.060517132,0.023154419
0c456687edd55e6a,0.100664556,0.0060362336,0.08468972,0.0027277623,0.06029328,0.023128748
ed7ba95229bbc202,0.1000692,0.0059897904,0.08417616,0.0027026422,0.05999659,0.022921644
14ee41e04dd889fb,0.09990149,0.006022674,0.08439392,0.0027353116,0.060334668,0.02306901
5bc19e0875a818c0,0.10011848,0.0059943125,0.08426383,0.002711556,0.060089882,0.02301388
aba72592661c53b3,0.09977331,0.0059630354,0.08393694,0.0026943432,0.060010765,0.022867002
a0b72263d315e11d,0.10011298,0.00601115,0.08436023,0.002718833,0.060037456,0.023046952
2e1336abb6c2f6fd,0.1001866,0.0060045524,0.08431709,0.0027198545,0.060179546,0.023034312
1c7e698519d3e4ee,0.09974451,0.0059693162,0.08392526,0.0026934273,0.059965737,0.022873983
10053508f8ae533d,0.09977942,0.005961343,0.08391571,0.0026936734,0.06000395,0.022864727
3389cc63e3ad3da8,0.10004981,0.005985188,0.08419154,0.002706197,0.06000229,0.022921484
94cd1945496707d1,0.09972835,0.0059675346,0.08395923,0.0026966173,0.060018707,0.022876427
c5807b5afcda6e42,0.10046241,0.006039462,0.084747806,0.0027282073,0.06035024,0.023107104
3692a94899ab59a7,0.099728815,0.00596814,0.083971724,0.0026980655,0.060019888,0.022871567
16ab594d47afcfd2,0.10018099,0.005997868,0.084289946,0.0027153755,0.060170997,0.022962099
97675edc427b85a4,0.100131765,0.0059801796,0.084068514,0.0026992527,0.059999913,0.022921525
7b8ff5d9a94549cc,0.09977132,0.005975595,0.08400524,0.0026975654,0.059975445,0.02285455
3a9b30e17027c43b,0.10017886,0.0060210414,0.084347725,0.0027231858,0.060073707,0.023087043
cb82996d6e074bb8,0.100011505,0.0059972648,0.08421575,0.0027053142,0.060090605,0.022940714
46245356e50574fb,0.10022024,0.0059966766,0.0843119,0.0027157033,0.06011104,0.023018919
a218832a8a3b6ab3,0.1001249,0.0059962673,0.084191635,0.0027089857,0.060059134,0.023000054
378ff0c9dc4e5ffa,0.099779025,0.005962756,0.08392688,0.002694947,0.060004994,0.022844587
3b14aff10f14a8e4,0.100077696,0.0059829187,0.084121875,0.0027014127,0.059980124,0.022908095
b3128e1c366c39b2,0.100138076,0.005992187,0.08422982,0.0027067582,0.05999847,0.022931684
4f77d70bdd9a2e41,0.10037682,0.0060196123,0.084596224,0.002715853,0.060199745,0.023035193
94dc601372c1b418,0.10006463,0.0060086716,0.084255554,0.0027133462,0.060065545,0.02301009
5f73444b479fe33d,0.09975408,0.005976119,0.08397411,0.002696166,0.060006287,0.022899453
af9ee637cb1fe1da,0.100232944,0.0059891865,0.084309615,0.0027147478,0.06011907,0.022975411
d5008de02cdc2aa5,0.10007166,0.0059851026,0.08416544,0.0027099007,0.060117766,0.023011355
a8b539e23b6b006f,0.0995271,0.005952883,0.08380932,0.0026878973,0.05998322,0.022806356
8c7977869e8f9e14,0.10022546,0.006019972,0.08442329,0.002718298,0.060173895,0.023032112
ce5b1426bcedb7e4,0.10017965,0.0060163774,0.0844185,0.0027212338,0.060157996,0.02307032
b6bcdb224cae9917,0.09979245,0.005965846,0.08398924,0.0026973663,0.06002878,0.022882631
053520a190575acd,0.100243956,0.0059980294,0.084341094,0.0027125126,0.060152743,0.023005337
8d56ea4795597b4e,0.100175336,0.005977431,0.08414347,0.002704702,0.060132585,0.022910668
d7a804bbc951cc2d,0.10000491,0.00598756,0.084256105,0.0027055459,0.060126893,0.022964425
998cfb733939bf24,0.10007806,0.006003738,0.08429954,0.0027139785,0.06014204,0.02300806
535f551c22022a2e,0.099831566,0.005961558,0.08391566,0.0026911995,0.05998468,0.022846038
9d0cc02994abc46b,0.10023245,0.006034046,0.08459491,0.0027287002,0.060202178,0.023073103
863dfb198a9e5f8e,0.10014086,0.00599091,0.0842337,0.002705196,0.05996943,0.022931298
6b1f5c55fa73c3c3,0.09979392,0.0059683123,0.08393203,0.0026975973,0.06000123,0.02284912
805c6c919460e6ac,0.10002504,0.00612882,0.085330546,0.002802259,0.06074385,0.023352329
015ec956122e1bae,0.100225955,0.006000919,0.084241465,0.0027167974,0.060171306,0.023031877
4b1929a2884fcab2,0.099851064,0.005984853,0.08412432,0.0027050802,0.06002878,0.022921631
12e2ca6eeedadd6c,0.10020858,0.006016725,0.08436205,0.0027167238,0.06008227,0.02302217
